CAPTURE ATTACHED 2026-09-14T20:58:22
NOTE: Capture attached mid-bin; the malformed partial line was excluded from this file.
PRE-ATTACH LIVE SUMMARY: quiet power about 0.449; Test 001 peak 7507.675 at t_ms=21901; follow-on burst peak 969.863 at t_ms=24504.
RF915 t_ms=224505 power=0.448 mean_i=127.34 mean_q=127.34 pairs=98304
RF915 t_ms=224607 power=0.449 mean_i=127.34 mean_q=127.34 pairs=98304
RF915 t_ms=224701 power=0.449 mean_i=127.34 mean_q=127.34 pairs=90112
RF915 t_ms=224803 power=0.450 mean_i=127.34 mean_q=127.34 pairs=98304
RF915 t_ms=224906 power=0.449 mean_i=127.34 mean_q=127.34 pairs=98304
RF915 t_ms=225000 power=0.449 mean_i=127.34 mean_q=127.34 pairs=90112
RF915 t_ms=225102 power=0.448 mean_i=127.34 mean_q=127.34 pairs=98304
RF915 t_ms=225204 power=0.449 mean_i=127.34 mean_q=127.34 pairs=98304
RF915 t_ms=225307 power=0.449 mean_i=127.34 mean_q=127.34 pairs=98304
RF915 t_ms=225401 power=0.450 mean_i=127.34 mean_q=127.34 pairs=90112
RF915 t_ms=225503 power=0.451 mean_i=127.34 mean_q=127.34 pairs=98304
RF915 t_ms=225606 power=0.450 mean_i=127.34 mean_q=127.34 pairs=98304
RF915 t_ms=225708 power=0.449 mean_i=127.34 mean_q=127.34 pairs=98304
RF915 t_ms=225802 power=0.449 mean_i=127.34 mean_q=127.34 pairs=90112
RF915 t_ms=225904 power=0.449 mean_i=127.34 mean_q=127.34 pairs=98304
RF915 t_ms=226007 power=0.449 mean_i=127.34 mean_q=127.34 pairs=98304
RF915 t_ms=226101 power=0.448 mean_i=127.34 mean_q=127.34 pairs=90112
RF915 t_ms=226203 power=0.448 mean_i=127.34 mean_q=127.34 pairs=98304
RF915 t_ms=226305 power=0.448 mean_i=127.34 mean_q=127.34 pairs=98304
RF915 t_ms=226408 power=0.450 mean_i=127.34 mean_q=127.34 pairs=98304
RF915 t_ms=226502 power=0.449 mean_i=127.34 mean_q=127.34 pairs=90112
RF915 t_ms=226604 power=0.448 mean_i=127.34 mean_q=127.34 pairs=98304
RF915 t_ms=226706 power=0.448 mean_i=127.34 mean_q=127.34 pairs=98304
RF915 t_ms=226800 power=0.450 mean_i=127.34 mean_q=127.34 pairs=90112
RF915 t_ms=226903 power=0.448 mean_i=127.34 mean_q=127.34 pairs=98304
RF915 t_ms=227005 power=0.449 mean_i=127.34 mean_q=127.34 pairs=98304
RF915 t_ms=227107 power=0.450 mean_i=127.34 mean_q=127.34 pairs=98304
RF915 t_ms=227201 power=0.449 mean_i=127.34 mean_q=127.34 pairs=90112
RF915 t_ms=227304 power=0.448 mean_i=127.34 mean_q=127.34 pairs=98304
RF915 t_ms=227406 power=0.449 mean_i=127.34 mean_q=127.34 pairs=98304
RF915 t_ms=227500 power=0.449 mean_i=127.34 mean_q=127.34 pairs=90112
RF915 t_ms=227602 power=0.449 mean_i=127.34 mean_q=127.34 pairs=98304
RF915 t_ms=227705 power=0.449 mean_i=127.34 mean_q=127.34 pairs=98304
RF915 t_ms=227807 power=0.450 mean_i=127.34 mean_q=127.34 pairs=98304
RF915 t_ms=227901 power=0.450 mean_i=127.34 mean_q=127.34 pairs=90112
RF915 t_ms=228003 power=0.449 mean_i=127.34 mean_q=127.34 pairs=98304
RF915 t_ms=228106 power=0.449 mean_i=127.34 mean_q=127.34 pairs=98304
RF915 t_ms=228200 power=0.448 mean_i=127.34 mean_q=127.34 pairs=90112
RF915 t_ms=228302 power=0.450 mean_i=127.34 mean_q=127.34 pairs=98304
RF915 t_ms=228405 power=0.448 mean_i=127.34 mean_q=127.34 pairs=98304
RF915 t_ms=228507 power=0.449 mean_i=127.34 mean_q=127.34 pairs=98304
RF915 t_ms=228601 power=0.448 mean_i=127.34 mean_q=127.34 pairs=90112
RF915 t_ms=228703 power=0.449 mean_i=127.34 mean_q=127.34 pairs=98304
RF915 t_ms=228806 power=0.449 mean_i=127.34 mean_q=127.34 pairs=98304
RF915 t_ms=228900 power=0.450 mean_i=127.34 mean_q=127.34 pairs=90112
RF915 t_ms=229002 power=0.450 mean_i=127.34 mean_q=127.34 pairs=98304
RF915 t_ms=229104 power=0.449 mean_i=127.34 mean_q=127.34 pairs=98304
RF915 t_ms=229207 power=0.449 mean_i=127.34 mean_q=127.34 pairs=98304
RF915 t_ms=229301 power=0.447 mean_i=127.33 mean_q=127.34 pairs=90112
RF915 t_ms=229403 power=0.450 mean_i=127.34 mean_q=127.34 pairs=98304
RF915 t_ms=229505 power=0.449 mean_i=127.34 mean_q=127.34 pairs=98304
RF915 t_ms=229608 power=0.448 mean_i=127.34 mean_q=127.33 pairs=98304
RF915 t_ms=229702 power=0.449 mean_i=127.34 mean_q=127.34 pairs=90112
RF915 t_ms=229804 power=0.449 mean_i=127.34 mean_q=127.34 pairs=98304
RF915 t_ms=229906 power=0.449 mean_i=127.34 mean_q=127.34 pairs=98304
RF915 t_ms=230000 power=0.448 mean_i=127.34 mean_q=127.34 pairs=90112
RF915 t_ms=230103 power=0.449 mean_i=127.34 mean_q=127.34 pairs=98304
RF915 t_ms=230205 power=0.449 mean_i=127.34 mean_q=127.34 pairs=98304
RF915 t_ms=230308 power=0.450 mean_i=127.34 mean_q=127.34 pairs=98304
RF915 t_ms=230401 power=0.448 mean_i=127.34 mean_q=127.34 pairs=90112
RF915 t_ms=230504 power=0.449 mean_i=127.34 mean_q=127.34 pairs=98304
RF915 t_ms=230606 power=0.450 mean_i=127.34 mean_q=127.34 pairs=98304
RF915 t_ms=230700 power=0.450 mean_i=127.34 mean_q=127.34 pairs=90112
RF915 t_ms=230803 power=0.449 mean_i=127.34 mean_q=127.34 pairs=98304
RF915 t_ms=230905 power=0.450 mean_i=127.34 mean_q=127.34 pairs=98304
RF915 t_ms=231007 power=0.449 mean_i=127.34 mean_q=127.34 pairs=98304
RF915 t_ms=231101 power=0.449 mean_i=127.34 mean_q=127.34 pairs=90112
RF915 t_ms=231204 power=0.448 mean_i=127.34 mean_q=127.34 pairs=98304
RF915 t_ms=231306 power=0.449 mean_i=127.34 mean_q=127.34 pairs=98304
RF915 t_ms=231400 power=0.449 mean_i=127.34 mean_q=127.34 pairs=90112
RF915 t_ms=231502 power=0.448 mean_i=127.33 mean_q=127.34 pairs=98304
RF915 t_ms=231605 power=0.449 mean_i=127.34 mean_q=127.34 pairs=98304
RF915 t_ms=231707 power=0.447 mean_i=127.33 mean_q=127.34 pairs=98304
RF915 t_ms=231801 power=0.448 mean_i=127.34 mean_q=127.34 pairs=90112
RF915 t_ms=231903 power=0.448 mean_i=127.34 mean_q=127.34 pairs=98304
RF915 t_ms=232006 power=0.450 mean_i=127.34 mean_q=127.34 pairs=98304
RF915 t_ms=232100 power=0.449 mean_i=127.34 mean_q=127.34 pairs=90112
RF915 t_ms=232202 power=0.449 mean_i=127.34 mean_q=127.34 pairs=98304
RF915 t_ms=232304 power=0.448 mean_i=127.34 mean_q=127.34 pairs=98304
RF915 t_ms=232407 power=0.449 mean_i=127.34 mean_q=127.34 pairs=98304
RF915 t_ms=232501 power=0.448 mean_i=127.34 mean_q=127.34 pairs=90112
RF915 t_ms=232603 power=0.449 mean_i=127.34 mean_q=127.34 pairs=98304
RF915 t_ms=232705 power=0.449 mean_i=127.34 mean_q=127.34 pairs=98304
RF915 t_ms=232808 power=0.450 mean_i=127.34 mean_q=127.34 pairs=98304
RF915 t_ms=232902 power=0.447 mean_i=127.34 mean_q=127.33 pairs=90112
RF915 t_ms=233004 power=0.450 mean_i=127.34 mean_q=127.34 pairs=98304
RF915 t_ms=233107 power=0.448 mean_i=127.34 mean_q=127.34 pairs=98304
RF915 t_ms=233200 power=0.449 mean_i=127.34 mean_q=127.34 pairs=90112
RF915 t_ms=233303 power=0.448 mean_i=127.34 mean_q=127.34 pairs=98304
RF915 t_ms=233405 power=0.450 mean_i=127.34 mean_q=127.34 pairs=98304
RF915 t_ms=233508 power=0.450 mean_i=127.34 mean_q=127.34 pairs=98304
RF915 t_ms=233602 power=0.449 mean_i=127.34 mean_q=127.34 pairs=90112
RF915 t_ms=233704 power=0.451 mean_i=127.34 mean_q=127.34 pairs=98304
RF915 t_ms=233806 power=0.449 mean_i=127.34 mean_q=127.34 pairs=98304
RF915 t_ms=233900 power=0.448 mean_i=127.34 mean_q=127.34 pairs=90112
RF915 t_ms=234003 power=0.449 mean_i=127.34 mean_q=127.33 pairs=98304
RF915 t_ms=234105 power=0.449 mean_i=127.34 mean_q=127.34 pairs=98304
RF915 t_ms=234207 power=0.449 mean_i=127.34 mean_q=127.34 pairs=98304
RF915 t_ms=234301 power=0.449 mean_i=127.34 mean_q=127.34 pairs=90112
RF915 t_ms=234404 power=0.449 mean_i=127.34 mean_q=127.34 pairs=98304
RF915 t_ms=234506 power=0.448 mean_i=127.34 mean_q=127.34 pairs=98304
RF915 t_ms=234600 power=0.450 mean_i=127.34 mean_q=127.34 pairs=90112
RF915 t_ms=234702 power=0.449 mean_i=127.34 mean_q=127.34 pairs=98304
RF915 t_ms=234805 power=0.449 mean_i=127.34 mean_q=127.34 pairs=98304
RF915 t_ms=234907 power=0.448 mean_i=127.34 mean_q=127.34 pairs=98304
RF915 t_ms=235001 power=0.449 mean_i=127.34 mean_q=127.34 pairs=90112
RF915 t_ms=235103 power=0.449 mean_i=127.34 mean_q=127.34 pairs=98304
RF915 t_ms=235206 power=0.449 mean_i=127.34 mean_q=127.34 pairs=98304
RF915 t_ms=235300 power=0.449 mean_i=127.34 mean_q=127.34 pairs=90112
RF915 t_ms=235402 power=0.449 mean_i=127.34 mean_q=127.34 pairs=98304
RF915 t_ms=235504 power=0.448 mean_i=127.34 mean_q=127.34 pairs=98304
RF915 t_ms=235607 power=0.449 mean_i=127.34 mean_q=127.34 pairs=98304
RF915 t_ms=235701 power=0.449 mean_i=127.34 mean_q=127.34 pairs=90112
RF915 t_ms=235803 power=0.449 mean_i=127.34 mean_q=127.34 pairs=98304
RF915 t_ms=235906 power=0.449 mean_i=127.34 mean_q=127.34 pairs=98304
RF915 t_ms=236008 power=0.449 mean_i=127.34 mean_q=127.34 pairs=98304
RF915 t_ms=236102 power=0.450 mean_i=127.34 mean_q=127.34 pairs=90112
RF915 t_ms=236204 power=0.449 mean_i=127.34 mean_q=127.34 pairs=98304
RF915 t_ms=236307 power=0.448 mean_i=127.34 mean_q=127.34 pairs=98304
RF915 t_ms=236401 power=0.449 mean_i=127.34 mean_q=127.34 pairs=90112
RF915 t_ms=236503 power=0.448 mean_i=127.34 mean_q=127.34 pairs=98304
RF915 t_ms=236605 power=0.449 mean_i=127.34 mean_q=127.34 pairs=98304
RF915 t_ms=236708 power=0.449 mean_i=127.34 mean_q=127.34 pairs=98304
RF915 t_ms=236802 power=0.449 mean_i=127.34 mean_q=127.34 pairs=90112
RF915 t_ms=236904 power=0.449 mean_i=127.34 mean_q=127.34 pairs=98304
RF915 t_ms=237006 power=0.449 mean_i=127.34 mean_q=127.34 pairs=98304
RF915 t_ms=237100 power=0.449 mean_i=127.34 mean_q=127.34 pairs=90112
RF915 t_ms=237203 power=0.449 mean_i=127.34 mean_q=127.34 pairs=98304
RF915 t_ms=237305 power=0.448 mean_i=127.34 mean_q=127.34 pairs=98304
RF915 t_ms=237407 power=0.448 mean_i=127.34 mean_q=127.34 pairs=98304
RF915 t_ms=237501 power=0.448 mean_i=127.34 mean_q=127.34 pairs=90112
RF915 t_ms=237604 power=0.449 mean_i=127.34 mean_q=127.34 pairs=98304
RF915 t_ms=237706 power=0.450 mean_i=127.34 mean_q=127.34 pairs=98304
RF915 t_ms=237800 power=0.448 mean_i=127.34 mean_q=127.34 pairs=90112
RF915 t_ms=237902 power=0.449 mean_i=127.34 mean_q=127.34 pairs=98304
RF915 t_ms=238005 power=0.448 mean_i=127.34 mean_q=127.34 pairs=98304
RF915 t_ms=238107 power=0.450 mean_i=127.34 mean_q=127.34 pairs=98304
RF915 t_ms=238201 power=0.449 mean_i=127.34 mean_q=127.34 pairs=90112
RF915 t_ms=238304 power=0.450 mean_i=127.34 mean_q=127.34 pairs=98304
RF915 t_ms=238406 power=0.447 mean_i=127.33 mean_q=127.34 pairs=98304
RF915 t_ms=238500 power=0.449 mean_i=127.34 mean_q=127.34 pairs=90112
RF915 t_ms=238602 power=0.449 mean_i=127.34 mean_q=127.34 pairs=98304
RF915 t_ms=238705 power=0.449 mean_i=127.34 mean_q=127.34 pairs=98304
RF915 t_ms=238807 power=0.448 mean_i=127.34 mean_q=127.34 pairs=98304
RF915 t_ms=238901 power=0.449 mean_i=127.34 mean_q=127.34 pairs=90112
RF915 t_ms=239003 power=0.449 mean_i=127.34 mean_q=127.34 pairs=98304
RF915 t_ms=239106 power=0.449 mean_i=127.34 mean_q=127.34 pairs=98304
RF915 t_ms=239208 power=0.449 mean_i=127.34 mean_q=127.34 pairs=98304
RF915 t_ms=239302 power=0.449 mean_i=127.34 mean_q=127.34 pairs=90112
RF915 t_ms=239404 power=0.449 mean_i=127.34 mean_q=127.34 pairs=98304
RF915 t_ms=239507 power=0.450 mean_i=127.34 mean_q=127.34 pairs=98304
RF915 t_ms=239601 power=0.450 mean_i=127.34 mean_q=127.34 pairs=90112
RF915 t_ms=239703 power=0.449 mean_i=127.34 mean_q=127.34 pairs=98304
RF915 t_ms=239805 power=0.449 mean_i=127.34 mean_q=127.34 pairs=98304
RF915 t_ms=239908 power=0.448 mean_i=127.34 mean_q=127.34 pairs=98304
RF915 t_ms=240002 power=0.449 mean_i=127.34 mean_q=127.34 pairs=90112
RF915 t_ms=240104 power=0.449 mean_i=127.34 mean_q=127.34 pairs=98304
RF915 t_ms=240206 power=0.448 mean_i=127.34 mean_q=127.34 pairs=98304
RF915 t_ms=240300 power=0.449 mean_i=127.34 mean_q=127.34 pairs=90112
RF915 t_ms=240403 power=0.449 mean_i=127.34 mean_q=127.34 pairs=98304
RF915 t_ms=240505 power=0.448 mean_i=127.34 mean_q=127.34 pairs=98304
RF915 t_ms=240608 power=0.450 mean_i=127.34 mean_q=127.34 pairs=98304
RF915 t_ms=240701 power=0.448 mean_i=127.34 mean_q=127.34 pairs=90112
RF915 t_ms=240804 power=0.449 mean_i=127.34 mean_q=127.34 pairs=98304
RF915 t_ms=240906 power=0.448 mean_i=127.34 mean_q=127.34 pairs=98304
RF915 t_ms=241000 power=0.449 mean_i=127.34 mean_q=127.34 pairs=90112
RF915 t_ms=241103 power=0.448 mean_i=127.34 mean_q=127.33 pairs=98304
RF915 t_ms=241205 power=0.449 mean_i=127.34 mean_q=127.34 pairs=98304
RF915 t_ms=241307 power=0.449 mean_i=127.34 mean_q=127.34 pairs=98304
RF915 t_ms=241401 power=0.448 mean_i=127.33 mean_q=127.34 pairs=90112
RF915 t_ms=241504 power=0.450 mean_i=127.34 mean_q=127.34 pairs=98304
RF915 t_ms=241606 power=0.449 mean_i=127.34 mean_q=127.34 pairs=98304
RF915 t_ms=241700 power=0.449 mean_i=127.34 mean_q=127.34 pairs=90112
RF915 t_ms=241802 power=0.449 mean_i=127.34 mean_q=127.34 pairs=98304
RF915 t_ms=241905 power=0.448 mean_i=127.34 mean_q=127.34 pairs=98304
RF915 t_ms=242007 power=0.448 mean_i=127.34 mean_q=127.34 pairs=98304
RF915 t_ms=242101 power=0.450 mean_i=127.34 mean_q=127.34 pairs=90112
RF915 t_ms=242203 power=0.449 mean_i=127.34 mean_q=127.34 pairs=98304
RF915 t_ms=242306 power=0.450 mean_i=127.34 mean_q=127.34 pairs=98304
RF915 t_ms=242400 power=0.450 mean_i=127.34 mean_q=127.34 pairs=90112
RF915 t_ms=242502 power=0.450 mean_i=127.34 mean_q=127.34 pairs=98304
RF915 t_ms=242604 power=0.448 mean_i=127.34 mean_q=127.34 pairs=98304
RF915 t_ms=242707 power=0.449 mean_i=127.34 mean_q=127.34 pairs=98304
RF915 t_ms=242801 power=0.449 mean_i=127.34 mean_q=127.34 pairs=90112
RF915 t_ms=242903 power=0.450 mean_i=127.34 mean_q=127.34 pairs=98304
RF915 t_ms=243005 power=0.449 mean_i=127.34 mean_q=127.34 pairs=98304
RF915 t_ms=243108 power=0.449 mean_i=127.34 mean_q=127.34 pairs=98304
RF915 t_ms=243202 power=0.449 mean_i=127.34 mean_q=127.34 pairs=90112
RF915 t_ms=243304 power=0.450 mean_i=127.34 mean_q=127.34 pairs=98304
RF915 t_ms=243407 power=0.448 mean_i=127.34 mean_q=127.34 pairs=98304
RF915 t_ms=243500 power=0.448 mean_i=127.34 mean_q=127.34 pairs=90112
RF915 t_ms=243603 power=0.449 mean_i=127.34 mean_q=127.34 pairs=98304
RF915 t_ms=243705 power=0.449 mean_i=127.34 mean_q=127.34 pairs=98304
RF915 t_ms=243808 power=0.449 mean_i=127.34 mean_q=127.34 pairs=98304
RF915 t_ms=243902 power=0.449 mean_i=127.34 mean_q=127.34 pairs=90112
RF915 t_ms=244004 power=0.449 mean_i=127.34 mean_q=127.34 pairs=98304
RF915 t_ms=244106 power=0.449 mean_i=127.34 mean_q=127.34 pairs=98304
RF915 t_ms=244200 power=0.449 mean_i=127.34 mean_q=127.34 pairs=90112
RF915 t_ms=244303 power=0.449 mean_i=127.34 mean_q=127.34 pairs=98304
RF915 t_ms=244405 power=0.449 mean_i=127.34 mean_q=127.34 pairs=98304
RF915 t_ms=244507 power=0.450 mean_i=127.34 mean_q=127.34 pairs=98304
RF915 t_ms=244601 power=0.449 mean_i=127.34 mean_q=127.34 pairs=90112
RF915 t_ms=244704 power=0.448 mean_i=127.34 mean_q=127.34 pairs=98304
RF915 t_ms=244806 power=0.450 mean_i=127.34 mean_q=127.34 pairs=98304
RF915 t_ms=244900 power=0.450 mean_i=127.34 mean_q=127.34 pairs=90112
RF915 t_ms=245002 power=0.449 mean_i=127.34 mean_q=127.34 pairs=98304
RF915 t_ms=245105 power=0.448 mean_i=127.34 mean_q=127.34 pairs=98304
RF915 t_ms=245207 power=0.449 mean_i=127.34 mean_q=127.34 pairs=98304
RF915 t_ms=245301 power=0.448 mean_i=127.34 mean_q=127.34 pairs=90112
RF915 t_ms=245403 power=0.450 mean_i=127.34 mean_q=127.34 pairs=98304
RF915 t_ms=245506 power=0.448 mean_i=127.34 mean_q=127.34 pairs=98304
RF915 t_ms=245600 power=0.450 mean_i=127.34 mean_q=127.34 pairs=90112
RF915 t_ms=245702 power=0.449 mean_i=127.34 mean_q=127.34 pairs=98304
RF915 t_ms=245804 power=0.448 mean_i=127.34 mean_q=127.34 pairs=98304
RF915 t_ms=245907 power=0.448 mean_i=127.34 mean_q=127.34 pairs=98304
RF915 t_ms=246001 power=0.449 mean_i=127.34 mean_q=127.34 pairs=90112
RF915 t_ms=246103 power=0.449 mean_i=127.34 mean_q=127.34 pairs=98304
RF915 t_ms=246206 power=0.448 mean_i=127.34 mean_q=127.34 pairs=98304
RF915 t_ms=246308 power=0.448 mean_i=127.34 mean_q=127.34 pairs=98304
RF915 t_ms=246402 power=0.449 mean_i=127.34 mean_q=127.34 pairs=90112
RF915 t_ms=246504 power=0.450 mean_i=127.34 mean_q=127.34 pairs=98304
RF915 t_ms=246607 power=0.449 mean_i=127.34 mean_q=127.34 pairs=98304
RF915 t_ms=246700 power=0.450 mean_i=127.34 mean_q=127.34 pairs=90112
RF915 t_ms=246803 power=0.449 mean_i=127.34 mean_q=127.34 pairs=98304
RF915 t_ms=246905 power=0.447 mean_i=127.34 mean_q=127.34 pairs=98304
RF915 t_ms=247008 power=0.450 mean_i=127.34 mean_q=127.34 pairs=98304
RF915 t_ms=247102 power=0.447 mean_i=127.34 mean_q=127.34 pairs=90112
RF915 t_ms=247204 power=0.449 mean_i=127.34 mean_q=127.34 pairs=98304
RF915 t_ms=247306 power=0.450 mean_i=127.34 mean_q=127.34 pairs=98304
RF915 t_ms=247400 power=0.448 mean_i=127.34 mean_q=127.34 pairs=90112
RF915 t_ms=247503 power=0.448 mean_i=127.34 mean_q=127.34 pairs=98304
RF915 t_ms=247605 power=0.449 mean_i=127.34 mean_q=127.34 pairs=98304
RF915 t_ms=247707 power=0.449 mean_i=127.34 mean_q=127.34 pairs=98304
RF915 t_ms=247801 power=0.450 mean_i=127.34 mean_q=127.34 pairs=90112
RF915 t_ms=247904 power=0.448 mean_i=127.34 mean_q=127.34 pairs=98304
RF915 t_ms=248006 power=0.450 mean_i=127.34 mean_q=127.34 pairs=98304
RF915 t_ms=248100 power=0.451 mean_i=127.34 mean_q=127.34 pairs=90112
RF915 t_ms=248202 power=0.450 mean_i=127.34 mean_q=127.34 pairs=98304
RF915 t_ms=248305 power=0.448 mean_i=127.34 mean_q=127.34 pairs=98304
RF915 t_ms=248407 power=0.450 mean_i=127.34 mean_q=127.34 pairs=98304
RF915 t_ms=248501 power=0.449 mean_i=127.34 mean_q=127.34 pairs=90112
RF915 t_ms=248604 power=0.450 mean_i=127.34 mean_q=127.34 pairs=98304
RF915 t_ms=248706 power=0.449 mean_i=127.34 mean_q=127.34 pairs=98304
RF915 t_ms=248800 power=0.449 mean_i=127.34 mean_q=127.34 pairs=90112
RF915 t_ms=248902 power=0.449 mean_i=127.34 mean_q=127.34 pairs=98304
RF915 t_ms=249005 power=0.449 mean_i=127.34 mean_q=127.34 pairs=98304
RF915 t_ms=249107 power=0.449 mean_i=127.34 mean_q=127.34 pairs=98304
RF915 t_ms=249201 power=0.449 mean_i=127.34 mean_q=127.34 pairs=90112
RF915 t_ms=249303 power=0.448 mean_i=127.34 mean_q=127.34 pairs=98304
RF915 t_ms=249406 power=1910.065 mean_i=127.30 mean_q=127.20 pairs=98304
RF915 t_ms=249500 power=7142.924 mean_i=127.36 mean_q=127.35 pairs=90112
RF915 t_ms=249602 power=6416.959 mean_i=127.47 mean_q=127.71 pairs=98304
RF915 t_ms=249704 power=5627.776 mean_i=127.35 mean_q=127.21 pairs=98304
RF915 t_ms=249807 power=5594.367 mean_i=127.00 mean_q=127.50 pairs=98304
RF915 t_ms=249901 power=5599.811 mean_i=127.37 mean_q=127.57 pairs=90112
RF915 t_ms=250003 power=5562.879 mean_i=127.04 mean_q=127.24 pairs=98304
RF915 t_ms=250105 power=5560.019 mean_i=127.14 mean_q=127.74 pairs=98304
RF915 t_ms=250208 power=5539.865 mean_i=127.28 mean_q=126.89 pairs=98304
RF915 t_ms=250302 power=5558.462 mean_i=128.06 mean_q=127.71 pairs=90112
RF915 t_ms=250404 power=5537.677 mean_i=127.25 mean_q=126.98 pairs=98304
RF915 t_ms=250506 power=3587.438 mean_i=127.60 mean_q=127.15 pairs=98304
RF915 t_ms=250600 power=0.438 mean_i=127.32 mean_q=127.32 pairs=90112
RF915 t_ms=250703 power=0.439 mean_i=127.32 mean_q=127.33 pairs=98304
RF915 t_ms=250805 power=0.437 mean_i=127.32 mean_q=127.32 pairs=98304
RF915 t_ms=250908 power=0.438 mean_i=127.32 mean_q=127.32 pairs=98304
RF915 t_ms=251001 power=0.439 mean_i=127.32 mean_q=127.33 pairs=90112
RF915 t_ms=251104 power=0.438 mean_i=127.32 mean_q=127.32 pairs=98304
RF915 t_ms=251206 power=0.437 mean_i=127.32 mean_q=127.32 pairs=98304
RF915 t_ms=251300 power=0.438 mean_i=127.32 mean_q=127.32 pairs=90112
RF915 t_ms=251402 power=0.437 mean_i=127.32 mean_q=127.32 pairs=98304
RF915 t_ms=251505 power=0.438 mean_i=127.32 mean_q=127.33 pairs=98304
RF915 t_ms=251607 power=0.438 mean_i=127.32 mean_q=127.32 pairs=98304
RF915 t_ms=251701 power=0.438 mean_i=127.32 mean_q=127.32 pairs=90112
RF915 t_ms=251804 power=0.440 mean_i=127.33 mean_q=127.33 pairs=98304
RF915 t_ms=251906 power=0.449 mean_i=127.34 mean_q=127.34 pairs=98304
RF915 t_ms=252000 power=0.449 mean_i=127.34 mean_q=127.34 pairs=90112
RF915 t_ms=252102 power=0.449 mean_i=127.34 mean_q=127.34 pairs=98304
RF915 t_ms=252205 power=0.449 mean_i=127.34 mean_q=127.34 pairs=98304
RF915 t_ms=252307 power=0.449 mean_i=127.34 mean_q=127.34 pairs=98304
RF915 t_ms=252401 power=0.449 mean_i=127.34 mean_q=127.34 pairs=90112
RF915 t_ms=252503 power=0.449 mean_i=127.34 mean_q=127.34 pairs=98304
RF915 t_ms=252606 power=0.450 mean_i=127.34 mean_q=127.34 pairs=98304
RF915 t_ms=252700 power=0.449 mean_i=127.34 mean_q=127.34 pairs=90112
RF915 t_ms=252802 power=0.449 mean_i=127.34 mean_q=127.34 pairs=98304
RF915 t_ms=252904 power=0.449 mean_i=127.34 mean_q=127.34 pairs=98304
RF915 t_ms=253007 power=0.448 mean_i=127.34 mean_q=127.34 pairs=98304
RF915 t_ms=253101 power=0.450 mean_i=127.34 mean_q=127.34 pairs=90112
RF915 t_ms=253203 power=0.448 mean_i=127.34 mean_q=127.34 pairs=98304
RF915 t_ms=253306 power=0.448 mean_i=127.34 mean_q=127.34 pairs=98304
RF915 t_ms=253408 power=0.449 mean_i=127.34 mean_q=127.34 pairs=98304
RF915 t_ms=253502 power=0.449 mean_i=127.34 mean_q=127.34 pairs=90112
RF915 t_ms=253604 power=0.450 mean_i=127.34 mean_q=127.34 pairs=98304
RF915 t_ms=253707 power=0.450 mean_i=127.34 mean_q=127.34 pairs=98304
RF915 t_ms=253800 power=0.449 mean_i=127.34 mean_q=127.34 pairs=90112
RF915 t_ms=253903 power=0.450 mean_i=127.34 mean_q=127.34 pairs=98304
RF915 t_ms=254005 power=0.448 mean_i=127.34 mean_q=127.34 pairs=98304
RF915 t_ms=254108 power=0.449 mean_i=127.34 mean_q=127.34 pairs=98304
RF915 t_ms=254201 power=0.449 mean_i=127.34 mean_q=127.34 pairs=90112
RF915 t_ms=254304 power=0.450 mean_i=127.34 mean_q=127.34 pairs=98304
RF915 t_ms=254406 power=0.448 mean_i=127.34 mean_q=127.34 pairs=98304
RF915 t_ms=254500 power=0.449 mean_i=127.34 mean_q=127.34 pairs=90112
RF915 t_ms=254603 power=0.448 mean_i=127.34 mean_q=127.34 pairs=98304
RF915 t_ms=254705 power=0.450 mean_i=127.34 mean_q=127.34 pairs=98304
RF915 t_ms=254807 power=0.449 mean_i=127.34 mean_q=127.34 pairs=98304
RF915 t_ms=254901 power=0.448 mean_i=127.34 mean_q=127.34 pairs=90112
RF915 t_ms=255004 power=0.448 mean_i=127.34 mean_q=127.34 pairs=98304
RF915 t_ms=255106 power=0.449 mean_i=127.34 mean_q=127.34 pairs=98304
RF915 t_ms=255200 power=0.449 mean_i=127.34 mean_q=127.34 pairs=90112
RF915 t_ms=255302 power=0.449 mean_i=127.34 mean_q=127.34 pairs=98304
RF915 t_ms=255405 power=0.448 mean_i=127.34 mean_q=127.34 pairs=98304
RF915 t_ms=255507 power=0.449 mean_i=127.34 mean_q=127.34 pairs=98304
RF915 t_ms=255601 power=0.449 mean_i=127.34 mean_q=127.34 pairs=90112
RF915 t_ms=255703 power=0.451 mean_i=127.34 mean_q=127.34 pairs=98304
RF915 t_ms=255806 power=0.450 mean_i=127.34 mean_q=127.34 pairs=98304
RF915 t_ms=255900 power=0.450 mean_i=127.34 mean_q=127.34 pairs=90112
RF915 t_ms=256002 power=0.449 mean_i=127.34 mean_q=127.34 pairs=98304
RF915 t_ms=256105 power=0.449 mean_i=127.34 mean_q=127.34 pairs=98304
RF915 t_ms=256207 power=0.449 mean_i=127.34 mean_q=127.34 pairs=98304
RF915 t_ms=256301 power=0.449 mean_i=127.34 mean_q=127.34 pairs=90112
RF915 t_ms=256403 power=0.449 mean_i=127.34 mean_q=127.34 pairs=98304
RF915 t_ms=256506 power=1202.766 mean_i=127.67 mean_q=127.33 pairs=98304
RF915 t_ms=256608 power=6496.571 mean_i=127.18 mean_q=127.29 pairs=98304
RF915 t_ms=256702 power=5770.364 mean_i=127.03 mean_q=127.75 pairs=90112
RF915 t_ms=256804 power=5110.148 mean_i=127.56 mean_q=126.80 pairs=98304
RF915 t_ms=256907 power=5083.333 mean_i=127.23 mean_q=126.82 pairs=98304
RF915 t_ms=257001 power=5069.212 mean_i=127.04 mean_q=127.74 pairs=90112
RF915 t_ms=257103 power=5021.271 mean_i=127.18 mean_q=127.60 pairs=98304
RF915 t_ms=257205 power=4985.644 mean_i=127.80 mean_q=127.26 pairs=98304
RF915 t_ms=257308 power=4971.445 mean_i=127.38 mean_q=127.28 pairs=98304
RF915 t_ms=257402 power=4978.101 mean_i=127.36 mean_q=127.46 pairs=90112
RF915 t_ms=257504 power=4991.287 mean_i=126.91 mean_q=127.29 pairs=98304
RF915 t_ms=257606 power=3661.191 mean_i=127.30 mean_q=127.41 pairs=98304
RF915 t_ms=257700 power=0.438 mean_i=127.32 mean_q=127.32 pairs=90112
RF915 t_ms=257803 power=0.437 mean_i=127.32 mean_q=127.32 pairs=98304
RF915 t_ms=257905 power=0.438 mean_i=127.32 mean_q=127.32 pairs=98304
RF915 t_ms=258007 power=0.437 mean_i=127.32 mean_q=127.32 pairs=98304
RF915 t_ms=258101 power=0.436 mean_i=127.32 mean_q=127.32 pairs=90112
RF915 t_ms=258204 power=0.438 mean_i=127.33 mean_q=127.32 pairs=98304
RF915 t_ms=258306 power=0.438 mean_i=127.32 mean_q=127.33 pairs=98304
RF915 t_ms=258400 power=0.438 mean_i=127.32 mean_q=127.32 pairs=90112
RF915 t_ms=258502 power=0.438 mean_i=127.32 mean_q=127.32 pairs=98304
RF915 t_ms=258605 power=0.438 mean_i=127.32 mean_q=127.32 pairs=98304
RF915 t_ms=258707 power=0.438 mean_i=127.32 mean_q=127.32 pairs=98304
RF915 t_ms=258801 power=0.439 mean_i=127.33 mean_q=127.32 pairs=90112
RF915 t_ms=258903 power=0.446 mean_i=127.33 mean_q=127.33 pairs=98304
RF915 t_ms=259006 power=0.449 mean_i=127.34 mean_q=127.34 pairs=98304
RF915 t_ms=259100 power=0.449 mean_i=127.34 mean_q=127.34 pairs=90112
RF915 t_ms=259202 power=0.448 mean_i=127.34 mean_q=127.34 pairs=98304
RF915 t_ms=259305 power=0.753 mean_i=127.35 mean_q=127.35 pairs=98304
RF915 t_ms=259407 power=3.773 mean_i=127.39 mean_q=127.39 pairs=98304
RF915 t_ms=259501 power=3.831 mean_i=127.40 mean_q=127.38 pairs=90112
RF915 t_ms=259603 power=3.971 mean_i=127.39 mean_q=127.40 pairs=98304
RF915 t_ms=259706 power=3.831 mean_i=127.38 mean_q=127.39 pairs=98304
RF915 t_ms=259800 power=3.776 mean_i=127.39 mean_q=127.39 pairs=90112
RF915 t_ms=259902 power=3.821 mean_i=127.39 mean_q=127.38 pairs=98304
RF915 t_ms=260004 power=3.925 mean_i=127.39 mean_q=127.39 pairs=98304
RF915 t_ms=260107 power=4.082 mean_i=127.39 mean_q=127.39 pairs=98304
RF915 t_ms=260201 power=4.100 mean_i=127.38 mean_q=127.39 pairs=90112
RF915 t_ms=260303 power=4.247 mean_i=127.36 mean_q=127.40 pairs=98304
RF915 t_ms=260405 power=3.688 mean_i=127.38 mean_q=127.36 pairs=98304
RF915 t_ms=260508 power=0.449 mean_i=127.34 mean_q=127.34 pairs=98304
RF915 t_ms=260602 power=0.449 mean_i=127.34 mean_q=127.34 pairs=90112
RF915 t_ms=260704 power=0.449 mean_i=127.34 mean_q=127.34 pairs=98304
RF915 t_ms=260807 power=0.449 mean_i=127.34 mean_q=127.34 pairs=98304
RF915 t_ms=260900 power=0.449 mean_i=127.34 mean_q=127.34 pairs=90112
RF915 t_ms=261003 power=0.449 mean_i=127.33 mean_q=127.34 pairs=98304
RF915 t_ms=261105 power=0.449 mean_i=127.34 mean_q=127.34 pairs=98304
RF915 t_ms=261208 power=0.448 mean_i=127.34 mean_q=127.34 pairs=98304
RF915 t_ms=261301 power=381.440 mean_i=127.17 mean_q=127.33 pairs=90112
RF915 t_ms=261404 power=1398.496 mean_i=127.63 mean_q=127.05 pairs=98304
RF915 t_ms=261506 power=1391.072 mean_i=127.36 mean_q=127.53 pairs=98304
RF915 t_ms=261600 power=1389.428 mean_i=127.41 mean_q=127.45 pairs=90112
RF915 t_ms=261702 power=1391.736 mean_i=127.20 mean_q=126.99 pairs=98304
RF915 t_ms=261805 power=1390.006 mean_i=127.31 mean_q=127.60 pairs=98304
RF915 t_ms=261907 power=967.391 mean_i=127.14 mean_q=127.44 pairs=98304
RF915 t_ms=262001 power=0.448 mean_i=127.34 mean_q=127.34 pairs=90112
RF915 t_ms=262104 power=0.449 mean_i=127.34 mean_q=127.34 pairs=98304
RF915 t_ms=262206 power=0.448 mean_i=127.34 mean_q=127.34 pairs=98304
RF915 t_ms=262300 power=0.449 mean_i=127.34 mean_q=127.34 pairs=90112
RF915 t_ms=262402 power=0.448 mean_i=127.34 mean_q=127.34 pairs=98304
RF915 t_ms=262505 power=0.449 mean_i=127.34 mean_q=127.34 pairs=98304
RF915 t_ms=262607 power=0.448 mean_i=127.34 mean_q=127.34 pairs=98304
RF915 t_ms=262701 power=0.448 mean_i=127.34 mean_q=127.34 pairs=90112
RF915 t_ms=262803 power=0.450 mean_i=127.34 mean_q=127.34 pairs=98304
RF915 t_ms=262906 power=0.448 mean_i=127.34 mean_q=127.34 pairs=98304
RF915 t_ms=263000 power=0.448 mean_i=127.34 mean_q=127.34 pairs=90112
RF915 t_ms=263102 power=0.448 mean_i=127.34 mean_q=127.34 pairs=98304
RF915 t_ms=263204 power=0.449 mean_i=127.34 mean_q=127.34 pairs=98304
RF915 t_ms=263307 power=0.449 mean_i=127.34 mean_q=127.34 pairs=98304
RF915 t_ms=263401 power=0.449 mean_i=127.34 mean_q=127.34 pairs=90112
RF915 t_ms=263503 power=0.448 mean_i=127.34 mean_q=127.34 pairs=98304
RF915 t_ms=263605 power=0.449 mean_i=127.34 mean_q=127.34 pairs=98304
RF915 t_ms=263708 power=0.449 mean_i=127.34 mean_q=127.34 pairs=98304
RF915 t_ms=263802 power=0.450 mean_i=127.34 mean_q=127.34 pairs=90112
RF915 t_ms=263904 power=0.450 mean_i=127.34 mean_q=127.34 pairs=98304
RF915 t_ms=264006 power=0.449 mean_i=127.34 mean_q=127.34 pairs=98304
RF915 t_ms=264100 power=0.448 mean_i=127.34 mean_q=127.34 pairs=90112
RF915 t_ms=264203 power=0.449 mean_i=127.34 mean_q=127.34 pairs=98304
RF915 t_ms=264305 power=0.449 mean_i=127.34 mean_q=127.34 pairs=98304
RF915 t_ms=264408 power=0.450 mean_i=127.34 mean_q=127.34 pairs=98304
RF915 t_ms=264502 power=0.448 mean_i=127.34 mean_q=127.34 pairs=90112
RF915 t_ms=264604 power=0.449 mean_i=127.34 mean_q=127.34 pairs=98304
RF915 t_ms=264706 power=0.448 mean_i=127.34 mean_q=127.34 pairs=98304
RF915 t_ms=264800 power=0.450 mean_i=127.34 mean_q=127.34 pairs=90112
RF915 t_ms=264903 power=0.448 mean_i=127.34 mean_q=127.33 pairs=98304
RF915 t_ms=265005 power=0.449 mean_i=127.34 mean_q=127.34 pairs=98304
RF915 t_ms=265107 power=0.450 mean_i=127.34 mean_q=127.34 pairs=98304
RF915 t_ms=265201 power=0.449 mean_i=127.34 mean_q=127.34 pairs=90112
RF915 t_ms=265304 power=0.450 mean_i=127.34 mean_q=127.34 pairs=98304
RF915 t_ms=265406 power=0.449 mean_i=127.34 mean_q=127.34 pairs=98304
RF915 t_ms=265500 power=0.450 mean_i=127.34 mean_q=127.34 pairs=90112
RF915 t_ms=265602 power=0.448 mean_i=127.34 mean_q=127.34 pairs=98304
RF915 t_ms=265705 power=0.448 mean_i=127.34 mean_q=127.34 pairs=98304
RF915 t_ms=265807 power=0.448 mean_i=127.34 mean_q=127.34 pairs=98304
RF915 t_ms=265901 power=0.448 mean_i=127.34 mean_q=127.34 pairs=90112
RF915 t_ms=266003 power=0.450 mean_i=127.34 mean_q=127.34 pairs=98304
RF915 t_ms=266106 power=0.449 mean_i=127.34 mean_q=127.34 pairs=98304
RF915 t_ms=266200 power=0.449 mean_i=127.34 mean_q=127.34 pairs=90112
RF915 t_ms=266302 power=0.450 mean_i=127.34 mean_q=127.34 pairs=98304
RF915 t_ms=266404 power=1301.289 mean_i=127.28 mean_q=127.73 pairs=98304
RF915 t_ms=266507 power=1350.884 mean_i=127.52 mean_q=127.00 pairs=98304
RF915 t_ms=266601 power=1405.854 mean_i=127.34 mean_q=127.50 pairs=90112
RF915 t_ms=266703 power=1377.246 mean_i=127.74 mean_q=127.58 pairs=98304
RF915 t_ms=266806 power=1397.507 mean_i=127.60 mean_q=127.61 pairs=98304
RF915 t_ms=266908 power=1340.843 mean_i=127.28 mean_q=127.38 pairs=98304
RF915 t_ms=267002 power=1340.850 mean_i=127.20 mean_q=127.26 pairs=90112
RF915 t_ms=267104 power=1372.390 mean_i=127.34 mean_q=127.56 pairs=98304
RF915 t_ms=267207 power=1478.983 mean_i=126.97 mean_q=127.24 pairs=98304
RF915 t_ms=267301 power=1344.315 mean_i=127.36 mean_q=127.59 pairs=90112
RF915 t_ms=267403 power=752.179 mean_i=127.35 mean_q=127.41 pairs=98304
RF915 t_ms=267505 power=0.448 mean_i=127.33 mean_q=127.34 pairs=98304
RF915 t_ms=267608 power=0.448 mean_i=127.34 mean_q=127.34 pairs=98304
RF915 t_ms=267702 power=0.449 mean_i=127.34 mean_q=127.34 pairs=90112
RF915 t_ms=267804 power=0.449 mean_i=127.34 mean_q=127.34 pairs=98304
RF915 t_ms=267906 power=0.449 mean_i=127.34 mean_q=127.34 pairs=98304
RF915 t_ms=268000 power=0.450 mean_i=127.34 mean_q=127.34 pairs=90112
RF915 t_ms=268103 power=0.450 mean_i=127.34 mean_q=127.34 pairs=98304
RF915 t_ms=268205 power=0.449 mean_i=127.34 mean_q=127.34 pairs=98304
RF915 t_ms=268307 power=0.450 mean_i=127.34 mean_q=127.34 pairs=98304
RF915 t_ms=268401 power=0.449 mean_i=127.34 mean_q=127.34 pairs=90112
RF915 t_ms=268504 power=0.450 mean_i=127.34 mean_q=127.34 pairs=98304
RF915 t_ms=268606 power=0.448 mean_i=127.34 mean_q=127.34 pairs=98304
RF915 t_ms=268700 power=0.449 mean_i=127.34 mean_q=127.34 pairs=90112
RF915 t_ms=268802 power=0.448 mean_i=127.34 mean_q=127.34 pairs=98304
RF915 t_ms=268905 power=0.449 mean_i=127.34 mean_q=127.34 pairs=98304
RF915 t_ms=269007 power=0.450 mean_i=127.34 mean_q=127.34 pairs=98304
RF915 t_ms=269101 power=0.450 mean_i=127.34 mean_q=127.34 pairs=90112
RF915 t_ms=269203 power=3971.316 mean_i=127.26 mean_q=127.38 pairs=98304
RF915 t_ms=269306 power=6864.474 mean_i=127.03 mean_q=127.46 pairs=98304
RF915 t_ms=269400 power=5732.338 mean_i=127.88 mean_q=127.11 pairs=90112
RF915 t_ms=269502 power=5427.238 mean_i=127.15 mean_q=127.56 pairs=98304
RF915 t_ms=269605 power=5465.178 mean_i=127.50 mean_q=127.47 pairs=98304
RF915 t_ms=269707 power=5538.899 mean_i=127.73 mean_q=127.64 pairs=98304
RF915 t_ms=269801 power=5662.352 mean_i=127.02 mean_q=127.41 pairs=90112
RF915 t_ms=269903 power=5974.725 mean_i=126.87 mean_q=127.67 pairs=98304
RF915 t_ms=270006 power=6235.580 mean_i=127.49 mean_q=127.73 pairs=98304
RF915 t_ms=270100 power=6308.373 mean_i=127.61 mean_q=127.04 pairs=90112
RF915 t_ms=270202 power=5775.250 mean_i=127.77 mean_q=127.20 pairs=98304
RF915 t_ms=270304 power=0.437 mean_i=127.32 mean_q=127.32 pairs=98304
RF915 t_ms=270407 power=0.439 mean_i=127.33 mean_q=127.32 pairs=98304
RF915 t_ms=270501 power=0.438 mean_i=127.32 mean_q=127.32 pairs=90112
RF915 t_ms=270603 power=0.438 mean_i=127.32 mean_q=127.32 pairs=98304
RF915 t_ms=270705 power=0.439 mean_i=127.32 mean_q=127.33 pairs=98304
RF915 t_ms=270808 power=0.437 mean_i=127.32 mean_q=127.32 pairs=98304
RF915 t_ms=270902 power=0.439 mean_i=127.33 mean_q=127.32 pairs=90112
RF915 t_ms=271004 power=0.437 mean_i=127.32 mean_q=127.32 pairs=98304
RF915 t_ms=271106 power=0.438 mean_i=127.32 mean_q=127.32 pairs=98304
RF915 t_ms=271200 power=0.438 mean_i=127.32 mean_q=127.32 pairs=90112
RF915 t_ms=271303 power=0.438 mean_i=127.32 mean_q=127.32 pairs=98304
RF915 t_ms=271405 power=0.438 mean_i=127.32 mean_q=127.32 pairs=98304
RF915 t_ms=271507 power=0.436 mean_i=127.32 mean_q=127.32 pairs=98304
RF915 t_ms=271601 power=0.449 mean_i=127.34 mean_q=127.34 pairs=90112
RF915 t_ms=271704 power=0.448 mean_i=127.34 mean_q=127.34 pairs=98304
RF915 t_ms=271806 power=0.449 mean_i=127.34 mean_q=127.34 pairs=98304
RF915 t_ms=271900 power=0.450 mean_i=127.34 mean_q=127.34 pairs=90112
RF915 t_ms=272002 power=0.449 mean_i=127.34 mean_q=127.34 pairs=98304
RF915 t_ms=272105 power=0.450 mean_i=127.34 mean_q=127.34 pairs=98304
RF915 t_ms=272207 power=0.450 mean_i=127.34 mean_q=127.34 pairs=98304
RF915 t_ms=272301 power=0.449 mean_i=127.34 mean_q=127.34 pairs=90112
RF915 t_ms=272404 power=0.449 mean_i=127.34 mean_q=127.34 pairs=98304
RF915 t_ms=272506 power=0.450 mean_i=127.34 mean_q=127.34 pairs=98304
RF915 t_ms=272600 power=0.448 mean_i=127.34 mean_q=127.34 pairs=90112
RF915 t_ms=272702 power=0.449 mean_i=127.34 mean_q=127.34 pairs=98304
RF915 t_ms=272805 power=0.449 mean_i=127.34 mean_q=127.34 pairs=98304
RF915 t_ms=272907 power=0.448 mean_i=127.34 mean_q=127.34 pairs=98304
RF915 t_ms=273001 power=0.448 mean_i=127.34 mean_q=127.34 pairs=90112
RF915 t_ms=273103 power=0.449 mean_i=127.34 mean_q=127.34 pairs=98304
RF915 t_ms=273206 power=0.449 mean_i=127.34 mean_q=127.34 pairs=98304
RF915 t_ms=273300 power=0.450 mean_i=127.34 mean_q=127.34 pairs=90112
RF915 t_ms=273402 power=0.450 mean_i=127.34 mean_q=127.34 pairs=98304
RF915 t_ms=273504 power=0.449 mean_i=127.34 mean_q=127.34 pairs=98304
RF915 t_ms=273607 power=0.448 mean_i=127.34 mean_q=127.34 pairs=98304
RF915 t_ms=273701 power=0.450 mean_i=127.34 mean_q=127.34 pairs=90112
RF915 t_ms=273803 power=0.449 mean_i=127.34 mean_q=127.34 pairs=98304
RF915 t_ms=273905 power=0.449 mean_i=127.34 mean_q=127.34 pairs=98304
RF915 t_ms=274008 power=0.449 mean_i=127.34 mean_q=127.34 pairs=98304
RF915 t_ms=274102 power=0.450 mean_i=127.34 mean_q=127.34 pairs=90112
RF915 t_ms=274204 power=0.449 mean_i=127.34 mean_q=127.34 pairs=98304
RF915 t_ms=274307 power=0.449 mean_i=127.34 mean_q=127.34 pairs=98304
RF915 t_ms=274400 power=0.449 mean_i=127.34 mean_q=127.34 pairs=90112
RF915 t_ms=274503 power=0.450 mean_i=127.34 mean_q=127.34 pairs=98304
RF915 t_ms=274605 power=0.449 mean_i=127.34 mean_q=127.34 pairs=98304
RF915 t_ms=274708 power=0.448 mean_i=127.34 mean_q=127.34 pairs=98304
RF915 t_ms=274802 power=0.449 mean_i=127.34 mean_q=127.34 pairs=90112
RF915 t_ms=274904 power=0.449 mean_i=127.34 mean_q=127.34 pairs=98304
RF915 t_ms=275006 power=0.449 mean_i=127.34 mean_q=127.34 pairs=98304
RF915 t_ms=275100 power=0.449 mean_i=127.34 mean_q=127.34 pairs=90112
RF915 t_ms=275203 power=0.449 mean_i=127.34 mean_q=127.34 pairs=98304
RF915 t_ms=275305 power=0.449 mean_i=127.34 mean_q=127.34 pairs=98304
RF915 t_ms=275407 power=0.449 mean_i=127.34 mean_q=127.34 pairs=98304
RF915 t_ms=275501 power=0.450 mean_i=127.34 mean_q=127.34 pairs=90112
RF915 t_ms=275604 power=0.449 mean_i=127.34 mean_q=127.34 pairs=98304
RF915 t_ms=275706 power=0.450 mean_i=127.34 mean_q=127.34 pairs=98304
RF915 t_ms=275800 power=0.449 mean_i=127.34 mean_q=127.34 pairs=90112
RF915 t_ms=275902 power=0.449 mean_i=127.34 mean_q=127.34 pairs=98304
RF915 t_ms=276005 power=0.449 mean_i=127.34 mean_q=127.34 pairs=98304
RF915 t_ms=276107 power=0.448 mean_i=127.34 mean_q=127.34 pairs=98304
RF915 t_ms=276201 power=0.449 mean_i=127.34 mean_q=127.34 pairs=90112
RF915 t_ms=276303 power=0.449 mean_i=127.34 mean_q=127.34 pairs=98304
RF915 t_ms=276406 power=0.450 mean_i=127.34 mean_q=127.34 pairs=98304
RF915 t_ms=276500 power=0.449 mean_i=127.34 mean_q=127.34 pairs=90112
RF915 t_ms=276602 power=0.448 mean_i=127.34 mean_q=127.34 pairs=98304
RF915 t_ms=276704 power=0.448 mean_i=127.34 mean_q=127.34 pairs=98304
RF915 t_ms=276807 power=0.449 mean_i=127.34 mean_q=127.34 pairs=98304
RF915 t_ms=276901 power=0.449 mean_i=127.34 mean_q=127.34 pairs=90112
RF915 t_ms=277003 power=0.449 mean_i=127.34 mean_q=127.34 pairs=98304
RF915 t_ms=277106 power=0.448 mean_i=127.34 mean_q=127.34 pairs=98304
RF915 t_ms=277208 power=0.449 mean_i=127.34 mean_q=127.34 pairs=98304
RF915 t_ms=277302 power=0.448 mean_i=127.34 mean_q=127.33 pairs=90112
RF915 t_ms=277404 power=0.449 mean_i=127.34 mean_q=127.34 pairs=98304
RF915 t_ms=277507 power=0.449 mean_i=127.34 mean_q=127.34 pairs=98304
RF915 t_ms=277601 power=0.448 mean_i=127.34 mean_q=127.34 pairs=90112
RF915 t_ms=277703 power=0.449 mean_i=127.34 mean_q=127.34 pairs=98304
RF915 t_ms=277805 power=0.448 mean_i=127.34 mean_q=127.34 pairs=98304
RF915 t_ms=277908 power=0.450 mean_i=127.34 mean_q=127.34 pairs=98304
RF915 t_ms=278002 power=0.450 mean_i=127.34 mean_q=127.34 pairs=90112
RF915 t_ms=278104 power=0.447 mean_i=127.34 mean_q=127.34 pairs=98304
RF915 t_ms=278206 power=0.449 mean_i=127.34 mean_q=127.34 pairs=98304
RF915 t_ms=278300 power=0.448 mean_i=127.34 mean_q=127.34 pairs=90112
RF915 t_ms=278403 power=0.449 mean_i=127.34 mean_q=127.34 pairs=98304
RF915 t_ms=278505 power=0.451 mean_i=127.34 mean_q=127.34 pairs=98304
RF915 t_ms=278607 power=0.450 mean_i=127.34 mean_q=127.34 pairs=98304
RF915 t_ms=278701 power=0.449 mean_i=127.34 mean_q=127.34 pairs=90112
RF915 t_ms=278804 power=0.448 mean_i=127.34 mean_q=127.34 pairs=98304
RF915 t_ms=278906 power=0.449 mean_i=127.34 mean_q=127.34 pairs=98304
RF915 t_ms=279000 power=0.450 mean_i=127.34 mean_q=127.34 pairs=90112
RF915 t_ms=279102 power=0.450 mean_i=127.34 mean_q=127.34 pairs=98304
RF915 t_ms=279205 power=0.449 mean_i=127.34 mean_q=127.34 pairs=98304
RF915 t_ms=279307 power=0.449 mean_i=127.34 mean_q=127.34 pairs=98304
RF915 t_ms=279401 power=0.448 mean_i=127.34 mean_q=127.33 pairs=90112
RF915 t_ms=279503 power=0.448 mean_i=127.34 mean_q=127.34 pairs=98304
RF915 t_ms=279606 power=0.449 mean_i=127.34 mean_q=127.34 pairs=98304
RF915 t_ms=279700 power=0.449 mean_i=127.34 mean_q=127.34 pairs=90112
RF915 t_ms=279802 power=0.450 mean_i=127.34 mean_q=127.34 pairs=98304
RF915 t_ms=279905 power=0.449 mean_i=127.34 mean_q=127.34 pairs=98304
RF915 t_ms=280007 power=0.448 mean_i=127.33 mean_q=127.34 pairs=98304
RF915 t_ms=280101 power=0.449 mean_i=127.34 mean_q=127.34 pairs=90112
RF915 t_ms=280203 power=0.449 mean_i=127.34 mean_q=127.34 pairs=98304
RF915 t_ms=280306 power=0.449 mean_i=127.34 mean_q=127.34 pairs=98304
RF915 t_ms=280400 power=0.448 mean_i=127.34 mean_q=127.34 pairs=90112
RF915 t_ms=280502 power=0.449 mean_i=127.34 mean_q=127.34 pairs=98304
RF915 t_ms=280604 power=0.448 mean_i=127.34 mean_q=127.34 pairs=98304
RF915 t_ms=280707 power=0.449 mean_i=127.34 mean_q=127.34 pairs=98304
RF915 t_ms=280801 power=0.450 mean_i=127.34 mean_q=127.34 pairs=90112
RF915 t_ms=280903 power=0.448 mean_i=127.34 mean_q=127.34 pairs=98304
RF915 t_ms=281005 power=0.449 mean_i=127.34 mean_q=127.34 pairs=98304
RF915 t_ms=281108 power=0.448 mean_i=127.34 mean_q=127.34 pairs=98304
RF915 t_ms=281202 power=0.449 mean_i=127.34 mean_q=127.34 pairs=90112
RF915 t_ms=281304 power=0.449 mean_i=127.34 mean_q=127.34 pairs=98304
RF915 t_ms=281406 power=0.449 mean_i=127.34 mean_q=127.34 pairs=98304
RF915 t_ms=281500 power=0.449 mean_i=127.34 mean_q=127.34 pairs=90112
RF915 t_ms=281603 power=0.449 mean_i=127.34 mean_q=127.34 pairs=98304
RF915 t_ms=281705 power=0.449 mean_i=127.34 mean_q=127.34 pairs=98304
RF915 t_ms=281808 power=0.450 mean_i=127.34 mean_q=127.34 pairs=98304
RF915 t_ms=281901 power=0.449 mean_i=127.34 mean_q=127.34 pairs=90112
RF915 t_ms=282004 power=0.449 mean_i=127.34 mean_q=127.34 pairs=98304
RF915 t_ms=282106 power=0.449 mean_i=127.34 mean_q=127.34 pairs=98304
RF915 t_ms=282200 power=0.449 mean_i=127.34 mean_q=127.34 pairs=90112
RF915 t_ms=282303 power=0.451 mean_i=127.34 mean_q=127.34 pairs=98304
RF915 t_ms=282405 power=0.449 mean_i=127.34 mean_q=127.34 pairs=98304
RF915 t_ms=282507 power=0.450 mean_i=127.34 mean_q=127.34 pairs=98304
RF915 t_ms=282601 power=0.448 mean_i=127.34 mean_q=127.34 pairs=90112
RF915 t_ms=282704 power=0.448 mean_i=127.34 mean_q=127.34 pairs=98304
RF915 t_ms=282806 power=0.450 mean_i=127.34 mean_q=127.34 pairs=98304
RF915 t_ms=282900 power=0.450 mean_i=127.34 mean_q=127.34 pairs=90112
RF915 t_ms=283002 power=0.449 mean_i=127.34 mean_q=127.34 pairs=98304
RF915 t_ms=283105 power=0.449 mean_i=127.34 mean_q=127.34 pairs=98304
RF915 t_ms=283207 power=0.448 mean_i=127.34 mean_q=127.34 pairs=98304
RF915 t_ms=283301 power=0.448 mean_i=127.34 mean_q=127.34 pairs=90112
RF915 t_ms=283403 power=0.450 mean_i=127.34 mean_q=127.34 pairs=98304
RF915 t_ms=283506 power=0.449 mean_i=127.34 mean_q=127.34 pairs=98304
RF915 t_ms=283600 power=0.450 mean_i=127.34 mean_q=127.34 pairs=90112
RF915 t_ms=283702 power=0.450 mean_i=127.34 mean_q=127.34 pairs=98304
RF915 t_ms=283804 power=0.449 mean_i=127.34 mean_q=127.34 pairs=98304
RF915 t_ms=283907 power=0.450 mean_i=127.34 mean_q=127.34 pairs=98304
RF915 t_ms=284001 power=0.450 mean_i=127.34 mean_q=127.34 pairs=90112
RF915 t_ms=284103 power=0.450 mean_i=127.34 mean_q=127.34 pairs=98304
RF915 t_ms=284205 power=0.448 mean_i=127.34 mean_q=127.34 pairs=98304
RF915 t_ms=284308 power=0.448 mean_i=127.34 mean_q=127.34 pairs=98304
RF915 t_ms=284402 power=0.449 mean_i=127.34 mean_q=127.34 pairs=90112
RF915 t_ms=284504 power=0.448 mean_i=127.34 mean_q=127.34 pairs=98304
RF915 t_ms=284607 power=0.449 mean_i=127.34 mean_q=127.34 pairs=98304
RF915 t_ms=284700 power=0.448 mean_i=127.34 mean_q=127.34 pairs=90112
RF915 t_ms=284803 power=0.449 mean_i=127.34 mean_q=127.34 pairs=98304
RF915 t_ms=284905 power=0.449 mean_i=127.34 mean_q=127.34 pairs=98304
RF915 t_ms=285008 power=0.448 mean_i=127.34 mean_q=127.34 pairs=98304
RF915 t_ms=285102 power=0.449 mean_i=127.34 mean_q=127.34 pairs=90112
RF915 t_ms=285204 power=0.450 mean_i=127.34 mean_q=127.34 pairs=98304
RF915 t_ms=285306 power=0.449 mean_i=127.34 mean_q=127.34 pairs=98304
RF915 t_ms=285400 power=0.448 mean_i=127.34 mean_q=127.34 pairs=90112
RF915 t_ms=285503 power=0.450 mean_i=127.34 mean_q=127.34 pairs=98304
RF915 t_ms=285605 power=0.448 mean_i=127.34 mean_q=127.33 pairs=98304
RF915 t_ms=285707 power=0.449 mean_i=127.34 mean_q=127.34 pairs=98304
RF915 t_ms=285801 power=0.448 mean_i=127.34 mean_q=127.34 pairs=90112
RF915 t_ms=285904 power=0.448 mean_i=127.34 mean_q=127.34 pairs=98304
RF915 t_ms=286006 power=0.449 mean_i=127.34 mean_q=127.34 pairs=98304
RF915 t_ms=286100 power=0.448 mean_i=127.34 mean_q=127.34 pairs=90112
RF915 t_ms=286202 power=0.447 mean_i=127.34 mean_q=127.34 pairs=98304
RF915 t_ms=286305 power=0.448 mean_i=127.34 mean_q=127.34 pairs=98304
RF915 t_ms=286407 power=0.448 mean_i=127.34 mean_q=127.34 pairs=98304
RF915 t_ms=286501 power=0.448 mean_i=127.34 mean_q=127.34 pairs=90112
RF915 t_ms=286603 power=0.447 mean_i=127.34 mean_q=127.34 pairs=98304
RF915 t_ms=286706 power=0.448 mean_i=127.34 mean_q=127.34 pairs=98304
RF915 t_ms=286800 power=0.448 mean_i=127.34 mean_q=127.34 pairs=90112
RF915 t_ms=286902 power=0.450 mean_i=127.34 mean_q=127.34 pairs=98304
RF915 t_ms=287004 power=0.450 mean_i=127.34 mean_q=127.34 pairs=98304
RF915 t_ms=287107 power=0.449 mean_i=127.34 mean_q=127.34 pairs=98304
RF915 t_ms=287201 power=0.448 mean_i=127.34 mean_q=127.34 pairs=90112
RF915 t_ms=287303 power=0.449 mean_i=127.34 mean_q=127.34 pairs=98304
RF915 t_ms=287406 power=0.449 mean_i=127.34 mean_q=127.34 pairs=98304
RF915 t_ms=287508 power=0.449 mean_i=127.34 mean_q=127.34 pairs=98304
RF915 t_ms=287602 power=0.448 mean_i=127.34 mean_q=127.34 pairs=90112
RF915 t_ms=287704 power=0.450 mean_i=127.34 mean_q=127.34 pairs=98304
RF915 t_ms=287807 power=0.449 mean_i=127.34 mean_q=127.34 pairs=98304
RF915 t_ms=287900 power=0.449 mean_i=127.34 mean_q=127.34 pairs=90112
RF915 t_ms=288003 power=0.450 mean_i=127.34 mean_q=127.34 pairs=98304
RF915 t_ms=288105 power=0.449 mean_i=127.34 mean_q=127.34 pairs=98304
RF915 t_ms=288208 power=0.450 mean_i=127.34 mean_q=127.34 pairs=98304
RF915 t_ms=288302 power=0.450 mean_i=127.34 mean_q=127.34 pairs=90112
RF915 t_ms=288404 power=0.449 mean_i=127.34 mean_q=127.34 pairs=98304
RF915 t_ms=288506 power=0.449 mean_i=127.34 mean_q=127.34 pairs=98304
RF915 t_ms=288600 power=0.447 mean_i=127.34 mean_q=127.34 pairs=90112
RF915 t_ms=288703 power=0.449 mean_i=127.34 mean_q=127.34 pairs=98304
RF915 t_ms=288805 power=0.450 mean_i=127.34 mean_q=127.34 pairs=98304
RF915 t_ms=288907 power=0.449 mean_i=127.34 mean_q=127.34 pairs=98304
RF915 t_ms=289001 power=0.449 mean_i=127.34 mean_q=127.34 pairs=90112
RF915 t_ms=289104 power=0.449 mean_i=127.34 mean_q=127.34 pairs=98304
RF915 t_ms=289206 power=0.449 mean_i=127.34 mean_q=127.34 pairs=98304
RF915 t_ms=289300 power=0.449 mean_i=127.34 mean_q=127.34 pairs=90112
RF915 t_ms=289402 power=0.449 mean_i=127.34 mean_q=127.34 pairs=98304
RF915 t_ms=289505 power=0.449 mean_i=127.34 mean_q=127.34 pairs=98304
RF915 t_ms=289607 power=0.449 mean_i=127.34 mean_q=127.34 pairs=98304
RF915 t_ms=289701 power=0.449 mean_i=127.34 mean_q=127.34 pairs=90112
RF915 t_ms=289803 power=0.449 mean_i=127.34 mean_q=127.34 pairs=98304
RF915 t_ms=289906 power=0.448 mean_i=127.34 mean_q=127.34 pairs=98304
RF915 t_ms=290000 power=0.449 mean_i=127.34 mean_q=127.34 pairs=90112
RF915 t_ms=290102 power=0.450 mean_i=127.34 mean_q=127.34 pairs=98304
RF915 t_ms=290205 power=0.449 mean_i=127.34 mean_q=127.34 pairs=98304
RF915 t_ms=290307 power=0.450 mean_i=127.34 mean_q=127.34 pairs=98304
RF915 t_ms=290401 power=0.450 mean_i=127.34 mean_q=127.34 pairs=90112
RF915 t_ms=290503 power=0.449 mean_i=127.34 mean_q=127.34 pairs=98304
RF915 t_ms=290606 power=0.449 mean_i=127.34 mean_q=127.34 pairs=98304
RF915 t_ms=290708 power=0.449 mean_i=127.34 mean_q=127.34 pairs=98304
RF915 t_ms=290802 power=0.450 mean_i=127.34 mean_q=127.34 pairs=90112
RF915 t_ms=290904 power=0.449 mean_i=127.34 mean_q=127.34 pairs=98304
RF915 t_ms=291007 power=0.448 mean_i=127.34 mean_q=127.34 pairs=98304
RF915 t_ms=291101 power=0.448 mean_i=127.34 mean_q=127.34 pairs=90112
RF915 t_ms=291203 power=0.449 mean_i=127.34 mean_q=127.34 pairs=98304
RF915 t_ms=291305 power=0.449 mean_i=127.34 mean_q=127.34 pairs=98304
RF915 t_ms=291408 power=0.450 mean_i=127.34 mean_q=127.34 pairs=98304
RF915 t_ms=291502 power=0.449 mean_i=127.34 mean_q=127.34 pairs=90112
RF915 t_ms=291604 power=0.449 mean_i=127.34 mean_q=127.34 pairs=98304
RF915 t_ms=291706 power=0.449 mean_i=127.34 mean_q=127.34 pairs=98304
RF915 t_ms=291800 power=0.449 mean_i=127.34 mean_q=127.34 pairs=90112
RF915 t_ms=291903 power=0.450 mean_i=127.34 mean_q=127.34 pairs=98304
RF915 t_ms=292005 power=0.449 mean_i=127.34 mean_q=127.34 pairs=98304
RF915 t_ms=292108 power=0.450 mean_i=127.34 mean_q=127.34 pairs=98304
RF915 t_ms=292201 power=0.450 mean_i=127.34 mean_q=127.34 pairs=90112
RF915 t_ms=292304 power=0.449 mean_i=127.34 mean_q=127.34 pairs=98304
RF915 t_ms=292406 power=0.448 mean_i=127.34 mean_q=127.34 pairs=98304
RF915 t_ms=292500 power=0.448 mean_i=127.34 mean_q=127.34 pairs=90112
RF915 t_ms=292603 power=0.450 mean_i=127.34 mean_q=127.34 pairs=98304
RF915 t_ms=292705 power=0.448 mean_i=127.34 mean_q=127.34 pairs=98304
RF915 t_ms=292807 power=0.449 mean_i=127.34 mean_q=127.34 pairs=98304
RF915 t_ms=292901 power=0.449 mean_i=127.34 mean_q=127.34 pairs=90112
RF915 t_ms=293004 power=0.449 mean_i=127.34 mean_q=127.34 pairs=98304
RF915 t_ms=293106 power=0.449 mean_i=127.34 mean_q=127.34 pairs=98304
RF915 t_ms=293200 power=0.449 mean_i=127.34 mean_q=127.34 pairs=90112
RF915 t_ms=293302 power=0.449 mean_i=127.34 mean_q=127.34 pairs=98304
RF915 t_ms=293405 power=0.448 mean_i=127.34 mean_q=127.34 pairs=98304
RF915 t_ms=293507 power=0.449 mean_i=127.34 mean_q=127.34 pairs=98304
RF915 t_ms=293601 power=0.449 mean_i=127.34 mean_q=127.34 pairs=90112
RF915 t_ms=293703 power=0.449 mean_i=127.34 mean_q=127.34 pairs=98304
RF915 t_ms=293806 power=0.449 mean_i=127.34 mean_q=127.34 pairs=98304
RF915 t_ms=293900 power=0.450 mean_i=127.34 mean_q=127.34 pairs=90112
RF915 t_ms=294002 power=0.450 mean_i=127.34 mean_q=127.34 pairs=98304
RF915 t_ms=294104 power=0.450 mean_i=127.34 mean_q=127.34 pairs=98304
RF915 t_ms=294207 power=0.448 mean_i=127.34 mean_q=127.34 pairs=98304
RF915 t_ms=294301 power=0.449 mean_i=127.34 mean_q=127.34 pairs=90112
RF915 t_ms=294403 power=0.449 mean_i=127.34 mean_q=127.34 pairs=98304
RF915 t_ms=294505 power=0.448 mean_i=127.34 mean_q=127.34 pairs=98304
RF915 t_ms=294608 power=0.449 mean_i=127.34 mean_q=127.34 pairs=98304
RF915 t_ms=294702 power=0.449 mean_i=127.34 mean_q=127.34 pairs=90112
RF915 t_ms=294804 power=0.449 mean_i=127.34 mean_q=127.34 pairs=98304
RF915 t_ms=294907 power=0.449 mean_i=127.34 mean_q=127.34 pairs=98304
RF915 t_ms=295000 power=0.449 mean_i=127.34 mean_q=127.34 pairs=90112
RF915 t_ms=295103 power=0.448 mean_i=127.34 mean_q=127.34 pairs=98304
RF915 t_ms=295205 power=0.448 mean_i=127.34 mean_q=127.34 pairs=98304
RF915 t_ms=295308 power=0.450 mean_i=127.34 mean_q=127.34 pairs=98304
RF915 t_ms=295401 power=0.449 mean_i=127.34 mean_q=127.34 pairs=90112
RF915 t_ms=295504 power=0.449 mean_i=127.34 mean_q=127.34 pairs=98304
RF915 t_ms=295606 power=0.450 mean_i=127.34 mean_q=127.34 pairs=98304
RF915 t_ms=295700 power=0.450 mean_i=127.34 mean_q=127.34 pairs=90112
RF915 t_ms=295803 power=0.450 mean_i=127.34 mean_q=127.34 pairs=98304
RF915 t_ms=295905 power=0.450 mean_i=127.34 mean_q=127.34 pairs=98304
RF915 t_ms=296007 power=0.449 mean_i=127.34 mean_q=127.34 pairs=98304
RF915 t_ms=296101 power=0.449 mean_i=127.34 mean_q=127.34 pairs=90112
RF915 t_ms=296204 power=0.450 mean_i=127.34 mean_q=127.34 pairs=98304
RF915 t_ms=296306 power=0.450 mean_i=127.34 mean_q=127.34 pairs=98304
RF915 t_ms=296400 power=0.450 mean_i=127.34 mean_q=127.34 pairs=90112
RF915 t_ms=296502 power=0.449 mean_i=127.34 mean_q=127.34 pairs=98304
RF915 t_ms=296605 power=0.450 mean_i=127.34 mean_q=127.34 pairs=98304
RF915 t_ms=296707 power=0.448 mean_i=127.34 mean_q=127.34 pairs=98304
RF915 t_ms=296801 power=0.449 mean_i=127.34 mean_q=127.34 pairs=90112
RF915 t_ms=296903 power=0.448 mean_i=127.34 mean_q=127.33 pairs=98304
RF915 t_ms=297006 power=0.449 mean_i=127.34 mean_q=127.34 pairs=98304
RF915 t_ms=297100 power=0.449 mean_i=127.34 mean_q=127.34 pairs=90112
RF915 t_ms=297202 power=0.449 mean_i=127.34 mean_q=127.34 pairs=98304
RF915 t_ms=297304 power=0.449 mean_i=127.34 mean_q=127.34 pairs=98304
RF915 t_ms=297407 power=0.449 mean_i=127.34 mean_q=127.34 pairs=98304
RF915 t_ms=297501 power=0.449 mean_i=127.34 mean_q=127.34 pairs=90112
RF915 t_ms=297603 power=0.449 mean_i=127.34 mean_q=127.34 pairs=98304
RF915 t_ms=297706 power=0.449 mean_i=127.34 mean_q=127.34 pairs=98304
RF915 t_ms=297808 power=0.448 mean_i=127.34 mean_q=127.34 pairs=98304
RF915 t_ms=297902 power=0.448 mean_i=127.34 mean_q=127.34 pairs=90112
RF915 t_ms=298004 power=0.449 mean_i=127.34 mean_q=127.34 pairs=98304
RF915 t_ms=298107 power=0.449 mean_i=127.34 mean_q=127.34 pairs=98304
RF915 t_ms=298200 power=0.450 mean_i=127.34 mean_q=127.34 pairs=90112
RF915 t_ms=298303 power=0.451 mean_i=127.34 mean_q=127.34 pairs=98304
RF915 t_ms=298405 power=0.449 mean_i=127.34 mean_q=127.34 pairs=98304
RF915 t_ms=298508 power=0.450 mean_i=127.34 mean_q=127.34 pairs=98304
RF915 t_ms=298602 power=0.449 mean_i=127.34 mean_q=127.34 pairs=90112
RF915 t_ms=298704 power=0.449 mean_i=127.34 mean_q=127.34 pairs=98304
RF915 t_ms=298806 power=0.448 mean_i=127.34 mean_q=127.34 pairs=98304
RF915 t_ms=298900 power=0.450 mean_i=127.34 mean_q=127.34 pairs=90112
RF915 t_ms=299003 power=0.450 mean_i=127.34 mean_q=127.34 pairs=98304
RF915 t_ms=299105 power=0.451 mean_i=127.34 mean_q=127.34 pairs=98304
RF915 t_ms=299207 power=0.449 mean_i=127.34 mean_q=127.34 pairs=98304
RF915 t_ms=299301 power=0.449 mean_i=127.34 mean_q=127.34 pairs=90112
RF915 t_ms=299404 power=0.448 mean_i=127.34 mean_q=127.34 pairs=98304
RF915 t_ms=299506 power=0.449 mean_i=127.34 mean_q=127.34 pairs=98304
RF915 t_ms=299600 power=0.450 mean_i=127.34 mean_q=127.34 pairs=90112
RF915 t_ms=299702 power=0.448 mean_i=127.34 mean_q=127.34 pairs=98304
RF915 t_ms=299805 power=0.449 mean_i=127.34 mean_q=127.34 pairs=98304
RF915 t_ms=299907 power=0.449 mean_i=127.34 mean_q=127.34 pairs=98304
RF915 t_ms=300001 power=0.449 mean_i=127.34 mean_q=127.34 pairs=90112
RF915 t_ms=300103 power=0.449 mean_i=127.34 mean_q=127.34 pairs=98304
RF915 t_ms=300206 power=0.449 mean_i=127.34 mean_q=127.34 pairs=98304
RF915 t_ms=300300 power=0.450 mean_i=127.34 mean_q=127.34 pairs=90112
RF915 t_ms=300402 power=453.882 mean_i=127.57 mean_q=127.61 pairs=98304
RF915 t_ms=300504 power=727.863 mean_i=126.97 mean_q=127.59 pairs=98304
RF915 t_ms=300607 power=682.769 mean_i=127.47 mean_q=127.27 pairs=98304
RF915 t_ms=300701 power=633.845 mean_i=127.30 mean_q=127.51 pairs=90112
RF915 t_ms=300803 power=582.244 mean_i=127.34 mean_q=127.45 pairs=98304
RF915 t_ms=300906 power=525.441 mean_i=127.44 mean_q=127.46 pairs=98304
RF915 t_ms=301000 power=399.831 mean_i=127.24 mean_q=127.39 pairs=90112
RF915 t_ms=301102 power=0.449 mean_i=127.34 mean_q=127.34 pairs=98304
RF915 t_ms=301204 power=0.448 mean_i=127.34 mean_q=127.34 pairs=98304
RF915 t_ms=301307 power=0.449 mean_i=127.34 mean_q=127.34 pairs=98304
RF915 t_ms=301401 power=0.448 mean_i=127.34 mean_q=127.34 pairs=90112
RF915 t_ms=301503 power=0.448 mean_i=127.34 mean_q=127.34 pairs=98304
RF915 t_ms=301605 power=0.449 mean_i=127.34 mean_q=127.34 pairs=98304
RF915 t_ms=301708 power=0.448 mean_i=127.34 mean_q=127.34 pairs=98304
RF915 t_ms=301802 power=0.448 mean_i=127.34 mean_q=127.34 pairs=90112
RF915 t_ms=301904 power=0.449 mean_i=127.34 mean_q=127.34 pairs=98304
RF915 t_ms=302006 power=0.450 mean_i=127.34 mean_q=127.34 pairs=98304
RF915 t_ms=302100 power=0.449 mean_i=127.34 mean_q=127.34 pairs=90112
RF915 t_ms=302203 power=0.449 mean_i=127.34 mean_q=127.34 pairs=98304
RF915 t_ms=302305 power=0.449 mean_i=127.34 mean_q=127.34 pairs=98304
RF915 t_ms=302408 power=0.449 mean_i=127.34 mean_q=127.34 pairs=98304
RF915 t_ms=302501 power=0.448 mean_i=127.34 mean_q=127.34 pairs=90112
RF915 t_ms=302604 power=0.447 mean_i=127.34 mean_q=127.34 pairs=98304
RF915 t_ms=302706 power=2091.689 mean_i=127.23 mean_q=127.33 pairs=98304
RF915 t_ms=302800 power=5940.029 mean_i=127.37 mean_q=127.38 pairs=90112
RF915 t_ms=302902 power=6600.104 mean_i=126.79 mean_q=127.78 pairs=98304
RF915 t_ms=303005 power=5641.264 mean_i=127.55 mean_q=127.14 pairs=98304
RF915 t_ms=303107 power=5001.237 mean_i=127.49 mean_q=127.48 pairs=98304
RF915 t_ms=303201 power=4605.181 mean_i=127.65 mean_q=127.54 pairs=90112
RF915 t_ms=303304 power=4410.508 mean_i=127.81 mean_q=127.16 pairs=98304
RF915 t_ms=303406 power=372.996 mean_i=127.37 mean_q=127.44 pairs=98304
RF915 t_ms=303500 power=0.440 mean_i=127.33 mean_q=127.33 pairs=90112
RF915 t_ms=303602 power=0.438 mean_i=127.32 mean_q=127.32 pairs=98304
RF915 t_ms=303705 power=0.438 mean_i=127.32 mean_q=127.32 pairs=98304
RF915 t_ms=303807 power=0.438 mean_i=127.32 mean_q=127.32 pairs=98304
RF915 t_ms=303901 power=0.438 mean_i=127.32 mean_q=127.33 pairs=90112
RF915 t_ms=304003 power=0.438 mean_i=127.33 mean_q=127.32 pairs=98304
RF915 t_ms=304106 power=0.448 mean_i=127.34 mean_q=127.34 pairs=98304
RF915 t_ms=304200 power=0.449 mean_i=127.34 mean_q=127.34 pairs=90112
RF915 t_ms=304302 power=0.449 mean_i=127.34 mean_q=127.34 pairs=98304
RF915 t_ms=304404 power=0.449 mean_i=127.34 mean_q=127.34 pairs=98304
RF915 t_ms=304507 power=0.450 mean_i=127.34 mean_q=127.34 pairs=98304
RF915 t_ms=304601 power=0.450 mean_i=127.34 mean_q=127.34 pairs=90112
RF915 t_ms=304703 power=0.448 mean_i=127.34 mean_q=127.34 pairs=98304
RF915 t_ms=304805 power=0.449 mean_i=127.34 mean_q=127.34 pairs=98304
RF915 t_ms=304908 power=0.448 mean_i=127.34 mean_q=127.34 pairs=98304
RF915 t_ms=305002 power=0.450 mean_i=127.34 mean_q=127.34 pairs=90112
RF915 t_ms=305104 power=0.448 mean_i=127.34 mean_q=127.34 pairs=98304
RF915 t_ms=305206 power=0.450 mean_i=127.34 mean_q=127.34 pairs=98304
RF915 t_ms=305300 power=0.449 mean_i=127.34 mean_q=127.34 pairs=90112
RF915 t_ms=305403 power=0.448 mean_i=127.34 mean_q=127.34 pairs=98304
RF915 t_ms=305505 power=0.448 mean_i=127.34 mean_q=127.34 pairs=98304
RF915 t_ms=305608 power=0.449 mean_i=127.34 mean_q=127.34 pairs=98304
RF915 t_ms=305701 power=0.449 mean_i=127.34 mean_q=127.34 pairs=90112
RF915 t_ms=305804 power=0.450 mean_i=127.34 mean_q=127.34 pairs=98304
RF915 t_ms=305906 power=0.449 mean_i=127.34 mean_q=127.34 pairs=98304
RF915 t_ms=306000 power=0.448 mean_i=127.34 mean_q=127.34 pairs=90112
RF915 t_ms=306103 power=0.449 mean_i=127.34 mean_q=127.34 pairs=98304
RF915 t_ms=306205 power=0.448 mean_i=127.34 mean_q=127.34 pairs=98304
RF915 t_ms=306307 power=0.449 mean_i=127.34 mean_q=127.34 pairs=98304
RF915 t_ms=306401 power=0.449 mean_i=127.34 mean_q=127.34 pairs=90112
RF915 t_ms=306504 power=0.449 mean_i=127.34 mean_q=127.34 pairs=98304
RF915 t_ms=306606 power=0.449 mean_i=127.34 mean_q=127.34 pairs=98304
RF915 t_ms=306700 power=0.448 mean_i=127.34 mean_q=127.34 pairs=90112
RF915 t_ms=306802 power=0.450 mean_i=127.34 mean_q=127.34 pairs=98304
RF915 t_ms=306905 power=0.448 mean_i=127.34 mean_q=127.34 pairs=98304
RF915 t_ms=307007 power=0.448 mean_i=127.34 mean_q=127.34 pairs=98304
RF915 t_ms=307101 power=0.449 mean_i=127.34 mean_q=127.34 pairs=90112
RF915 t_ms=307203 power=0.449 mean_i=127.34 mean_q=127.34 pairs=98304
RF915 t_ms=307306 power=0.449 mean_i=127.34 mean_q=127.34 pairs=98304
RF915 t_ms=307400 power=0.449 mean_i=127.34 mean_q=127.34 pairs=90112
RF915 t_ms=307502 power=0.449 mean_i=127.34 mean_q=127.34 pairs=98304
RF915 t_ms=307604 power=0.449 mean_i=127.34 mean_q=127.34 pairs=98304
RF915 t_ms=307707 power=0.449 mean_i=127.34 mean_q=127.34 pairs=98304
RF915 t_ms=307801 power=0.449 mean_i=127.34 mean_q=127.34 pairs=90112
RF915 t_ms=307903 power=0.450 mean_i=127.34 mean_q=127.34 pairs=98304
RF915 t_ms=308005 power=0.448 mean_i=127.34 mean_q=127.34 pairs=98304
RF915 t_ms=308108 power=0.448 mean_i=127.34 mean_q=127.34 pairs=98304
RF915 t_ms=308202 power=0.450 mean_i=127.34 mean_q=127.34 pairs=90112
RF915 t_ms=308304 power=0.450 mean_i=127.34 mean_q=127.34 pairs=98304
RF915 t_ms=308407 power=0.448 mean_i=127.34 mean_q=127.34 pairs=98304
RF915 t_ms=308501 power=0.448 mean_i=127.34 mean_q=127.34 pairs=90112
RF915 t_ms=308603 power=0.449 mean_i=127.34 mean_q=127.34 pairs=98304
RF915 t_ms=308705 power=0.450 mean_i=127.34 mean_q=127.34 pairs=98304
RF915 t_ms=308808 power=0.448 mean_i=127.34 mean_q=127.34 pairs=98304
RF915 t_ms=308902 power=0.449 mean_i=127.34 mean_q=127.34 pairs=90112
RF915 t_ms=309004 power=0.450 mean_i=127.34 mean_q=127.34 pairs=98304
RF915 t_ms=309106 power=0.448 mean_i=127.34 mean_q=127.34 pairs=98304
RF915 t_ms=309200 power=0.448 mean_i=127.34 mean_q=127.34 pairs=90112
RF915 t_ms=309303 power=0.448 mean_i=127.34 mean_q=127.34 pairs=98304
RF915 t_ms=309405 power=0.449 mean_i=127.34 mean_q=127.34 pairs=98304
RF915 t_ms=309507 power=0.449 mean_i=127.34 mean_q=127.34 pairs=98304
RF915 t_ms=309601 power=0.449 mean_i=127.34 mean_q=127.34 pairs=90112
RF915 t_ms=309704 power=0.450 mean_i=127.34 mean_q=127.34 pairs=98304
RF915 t_ms=309806 power=0.449 mean_i=127.34 mean_q=127.34 pairs=98304
RF915 t_ms=309900 power=0.448 mean_i=127.34 mean_q=127.34 pairs=90112
RF915 t_ms=310002 power=0.449 mean_i=127.34 mean_q=127.34 pairs=98304
RF915 t_ms=310105 power=0.449 mean_i=127.34 mean_q=127.34 pairs=98304
RF915 t_ms=310207 power=0.449 mean_i=127.34 mean_q=127.34 pairs=98304
RF915 t_ms=310301 power=0.449 mean_i=127.34 mean_q=127.34 pairs=90112
RF915 t_ms=310403 power=0.449 mean_i=127.34 mean_q=127.34 pairs=98304
RF915 t_ms=310506 power=0.449 mean_i=127.34 mean_q=127.34 pairs=98304
RF915 t_ms=310600 power=0.448 mean_i=127.34 mean_q=127.34 pairs=90112
RF915 t_ms=310702 power=0.450 mean_i=127.34 mean_q=127.34 pairs=98304
RF915 t_ms=310805 power=0.448 mean_i=127.34 mean_q=127.34 pairs=98304
RF915 t_ms=310907 power=0.448 mean_i=127.34 mean_q=127.34 pairs=98304
RF915 t_ms=311001 power=0.447 mean_i=127.33 mean_q=127.34 pairs=90112
RF915 t_ms=311103 power=0.449 mean_i=127.34 mean_q=127.34 pairs=98304
RF915 t_ms=311206 power=0.450 mean_i=127.34 mean_q=127.34 pairs=98304
RF915 t_ms=311300 power=0.449 mean_i=127.34 mean_q=127.34 pairs=90112
RF915 t_ms=311402 power=0.449 mean_i=127.34 mean_q=127.34 pairs=98304
RF915 t_ms=311504 power=0.448 mean_i=127.34 mean_q=127.34 pairs=98304
RF915 t_ms=311607 power=0.451 mean_i=127.34 mean_q=127.34 pairs=98304
RF915 t_ms=311701 power=0.450 mean_i=127.34 mean_q=127.34 pairs=90112
RF915 t_ms=311803 power=0.449 mean_i=127.34 mean_q=127.34 pairs=98304
RF915 t_ms=311905 power=0.448 mean_i=127.34 mean_q=127.34 pairs=98304
RF915 t_ms=312008 power=0.449 mean_i=127.34 mean_q=127.34 pairs=98304
RF915 t_ms=312102 power=0.448 mean_i=127.34 mean_q=127.33 pairs=90112
RF915 t_ms=312204 power=0.450 mean_i=127.34 mean_q=127.34 pairs=98304
RF915 t_ms=312306 power=0.449 mean_i=127.34 mean_q=127.34 pairs=98304
RF915 t_ms=312400 power=0.449 mean_i=127.34 mean_q=127.34 pairs=90112
RF915 t_ms=312503 power=0.450 mean_i=127.34 mean_q=127.34 pairs=98304
RF915 t_ms=312605 power=0.449 mean_i=127.34 mean_q=127.34 pairs=98304
RF915 t_ms=312707 power=0.449 mean_i=127.34 mean_q=127.34 pairs=98304
RF915 t_ms=312801 power=0.448 mean_i=127.34 mean_q=127.34 pairs=90112
RF915 t_ms=312904 power=0.447 mean_i=127.34 mean_q=127.34 pairs=98304
RF915 t_ms=313006 power=0.449 mean_i=127.34 mean_q=127.34 pairs=98304
RF915 t_ms=313100 power=0.449 mean_i=127.34 mean_q=127.34 pairs=90112
RF915 t_ms=313202 power=0.450 mean_i=127.34 mean_q=127.34 pairs=98304
RF915 t_ms=313305 power=0.449 mean_i=127.34 mean_q=127.34 pairs=98304
RF915 t_ms=313407 power=0.449 mean_i=127.34 mean_q=127.34 pairs=98304
RF915 t_ms=313501 power=0.450 mean_i=127.34 mean_q=127.34 pairs=90112
RF915 t_ms=313604 power=0.449 mean_i=127.34 mean_q=127.34 pairs=98304
RF915 t_ms=313706 power=0.449 mean_i=127.34 mean_q=127.34 pairs=98304
RF915 t_ms=313800 power=0.450 mean_i=127.34 mean_q=127.34 pairs=90112
RF915 t_ms=313902 power=0.450 mean_i=127.34 mean_q=127.34 pairs=98304
RF915 t_ms=314005 power=0.448 mean_i=127.34 mean_q=127.34 pairs=98304
RF915 t_ms=314107 power=0.449 mean_i=127.34 mean_q=127.34 pairs=98304
RF915 t_ms=314201 power=0.449 mean_i=127.34 mean_q=127.34 pairs=90112
RF915 t_ms=314303 power=0.450 mean_i=127.34 mean_q=127.34 pairs=98304
RF915 t_ms=314406 power=0.449 mean_i=127.34 mean_q=127.34 pairs=98304
RF915 t_ms=314500 power=0.449 mean_i=127.34 mean_q=127.34 pairs=90112
RF915 t_ms=314602 power=0.449 mean_i=127.34 mean_q=127.34 pairs=98304
RF915 t_ms=314704 power=0.448 mean_i=127.34 mean_q=127.34 pairs=98304
RF915 t_ms=314807 power=0.449 mean_i=127.34 mean_q=127.34 pairs=98304
RF915 t_ms=314901 power=0.449 mean_i=127.34 mean_q=127.34 pairs=90112
RF915 t_ms=315003 power=0.450 mean_i=127.34 mean_q=127.34 pairs=98304
RF915 t_ms=315105 power=0.450 mean_i=127.34 mean_q=127.34 pairs=98304
RF915 t_ms=315208 power=0.448 mean_i=127.34 mean_q=127.34 pairs=98304
RF915 t_ms=315302 power=0.448 mean_i=127.33 mean_q=127.34 pairs=90112
RF915 t_ms=315404 power=0.450 mean_i=127.34 mean_q=127.34 pairs=98304
RF915 t_ms=315506 power=0.449 mean_i=127.34 mean_q=127.34 pairs=98304
RF915 t_ms=315600 power=0.449 mean_i=127.34 mean_q=127.34 pairs=90112
RF915 t_ms=315703 power=0.449 mean_i=127.34 mean_q=127.34 pairs=98304
RF915 t_ms=315805 power=0.450 mean_i=127.34 mean_q=127.34 pairs=98304
RF915 t_ms=315908 power=0.448 mean_i=127.34 mean_q=127.34 pairs=98304
RF915 t_ms=316002 power=0.448 mean_i=127.34 mean_q=127.34 pairs=90112
RF915 t_ms=316104 power=0.450 mean_i=127.34 mean_q=127.34 pairs=98304
RF915 t_ms=316206 power=0.449 mean_i=127.34 mean_q=127.34 pairs=98304
RF915 t_ms=316300 power=0.449 mean_i=127.34 mean_q=127.34 pairs=90112
RF915 t_ms=316403 power=0.450 mean_i=127.34 mean_q=127.34 pairs=98304
RF915 t_ms=316505 power=0.449 mean_i=127.34 mean_q=127.34 pairs=98304
RF915 t_ms=316607 power=0.450 mean_i=127.34 mean_q=127.34 pairs=98304
RF915 t_ms=316701 power=0.448 mean_i=127.34 mean_q=127.34 pairs=90112
RF915 t_ms=316804 power=0.450 mean_i=127.34 mean_q=127.34 pairs=98304
RF915 t_ms=316906 power=0.449 mean_i=127.34 mean_q=127.34 pairs=98304
RF915 t_ms=317000 power=0.449 mean_i=127.34 mean_q=127.34 pairs=90112
RF915 t_ms=317102 power=0.450 mean_i=127.34 mean_q=127.34 pairs=98304
RF915 t_ms=317205 power=0.448 mean_i=127.34 mean_q=127.34 pairs=98304
RF915 t_ms=317307 power=0.450 mean_i=127.34 mean_q=127.34 pairs=98304
RF915 t_ms=317401 power=0.449 mean_i=127.34 mean_q=127.34 pairs=90112
RF915 t_ms=317503 power=0.448 mean_i=127.34 mean_q=127.34 pairs=98304
RF915 t_ms=317606 power=0.449 mean_i=127.34 mean_q=127.34 pairs=98304
RF915 t_ms=317700 power=0.449 mean_i=127.34 mean_q=127.34 pairs=90112
RF915 t_ms=317802 power=0.449 mean_i=127.34 mean_q=127.34 pairs=98304
RF915 t_ms=317904 power=0.449 mean_i=127.34 mean_q=127.34 pairs=98304
RF915 t_ms=318007 power=0.449 mean_i=127.34 mean_q=127.34 pairs=98304
RF915 t_ms=318101 power=0.449 mean_i=127.34 mean_q=127.34 pairs=90112
RF915 t_ms=318203 power=0.450 mean_i=127.34 mean_q=127.34 pairs=98304
RF915 t_ms=318306 power=0.449 mean_i=127.34 mean_q=127.34 pairs=98304
RF915 t_ms=318408 power=0.449 mean_i=127.34 mean_q=127.34 pairs=98304
RF915 t_ms=318502 power=0.448 mean_i=127.34 mean_q=127.34 pairs=90112
RF915 t_ms=318604 power=0.448 mean_i=127.33 mean_q=127.34 pairs=98304
RF915 t_ms=318707 power=0.448 mean_i=127.34 mean_q=127.34 pairs=98304
RF915 t_ms=318801 power=0.448 mean_i=127.34 mean_q=127.34 pairs=90112
RF915 t_ms=318903 power=0.448 mean_i=127.34 mean_q=127.34 pairs=98304
RF915 t_ms=319005 power=0.448 mean_i=127.34 mean_q=127.34 pairs=98304
RF915 t_ms=319108 power=0.448 mean_i=127.34 mean_q=127.34 pairs=98304
RF915 t_ms=319202 power=0.447 mean_i=127.34 mean_q=127.34 pairs=90112
RF915 t_ms=319304 power=0.449 mean_i=127.34 mean_q=127.34 pairs=98304
RF915 t_ms=319406 power=0.449 mean_i=127.34 mean_q=127.34 pairs=98304
RF915 t_ms=319500 power=0.449 mean_i=127.34 mean_q=127.34 pairs=90112
RF915 t_ms=319603 power=0.449 mean_i=127.34 mean_q=127.34 pairs=98304
RF915 t_ms=319705 power=0.450 mean_i=127.34 mean_q=127.34 pairs=98304
RF915 t_ms=319807 power=0.449 mean_i=127.34 mean_q=127.34 pairs=98304
RF915 t_ms=319901 power=0.449 mean_i=127.34 mean_q=127.34 pairs=90112
RF915 t_ms=320004 power=0.450 mean_i=127.34 mean_q=127.34 pairs=98304
RF915 t_ms=320106 power=0.449 mean_i=127.34 mean_q=127.34 pairs=98304
RF915 t_ms=320200 power=0.450 mean_i=127.34 mean_q=127.34 pairs=90112
RF915 t_ms=320302 power=0.450 mean_i=127.34 mean_q=127.34 pairs=98304
RF915 t_ms=320405 power=0.447 mean_i=127.34 mean_q=127.34 pairs=98304
RF915 t_ms=320507 power=0.448 mean_i=127.34 mean_q=127.34 pairs=98304
RF915 t_ms=320601 power=0.448 mean_i=127.34 mean_q=127.34 pairs=90112
RF915 t_ms=320703 power=0.450 mean_i=127.34 mean_q=127.34 pairs=98304
RF915 t_ms=320806 power=0.448 mean_i=127.34 mean_q=127.34 pairs=98304
RF915 t_ms=320900 power=0.448 mean_i=127.34 mean_q=127.34 pairs=90112
RF915 t_ms=321002 power=0.449 mean_i=127.34 mean_q=127.34 pairs=98304
RF915 t_ms=321105 power=0.449 mean_i=127.34 mean_q=127.34 pairs=98304
RF915 t_ms=321207 power=0.448 mean_i=127.34 mean_q=127.34 pairs=98304
RF915 t_ms=321301 power=0.448 mean_i=127.34 mean_q=127.34 pairs=90112
RF915 t_ms=321403 power=0.448 mean_i=127.34 mean_q=127.34 pairs=98304
RF915 t_ms=321506 power=0.449 mean_i=127.34 mean_q=127.34 pairs=98304
RF915 t_ms=321600 power=0.450 mean_i=127.34 mean_q=127.34 pairs=90112
RF915 t_ms=321702 power=0.449 mean_i=127.34 mean_q=127.34 pairs=98304
RF915 t_ms=321804 power=0.448 mean_i=127.34 mean_q=127.34 pairs=98304
RF915 t_ms=321907 power=0.449 mean_i=127.34 mean_q=127.34 pairs=98304
RF915 t_ms=322001 power=0.450 mean_i=127.34 mean_q=127.34 pairs=90112
RF915 t_ms=322103 power=0.449 mean_i=127.34 mean_q=127.34 pairs=98304
RF915 t_ms=322205 power=0.448 mean_i=127.34 mean_q=127.34 pairs=98304
RF915 t_ms=322308 power=0.449 mean_i=127.34 mean_q=127.34 pairs=98304
RF915 t_ms=322402 power=0.450 mean_i=127.34 mean_q=127.34 pairs=90112
RF915 t_ms=322504 power=0.449 mean_i=127.34 mean_q=127.34 pairs=98304
RF915 t_ms=322606 power=0.449 mean_i=127.34 mean_q=127.34 pairs=98304
RF915 t_ms=322700 power=0.449 mean_i=127.34 mean_q=127.34 pairs=90112
RF915 t_ms=322803 power=0.449 mean_i=127.34 mean_q=127.34 pairs=98304
RF915 t_ms=322905 power=0.447 mean_i=127.34 mean_q=127.34 pairs=98304
RF915 t_ms=323007 power=0.448 mean_i=127.34 mean_q=127.34 pairs=98304
RF915 t_ms=323101 power=0.450 mean_i=127.34 mean_q=127.34 pairs=90112
RF915 t_ms=323204 power=0.449 mean_i=127.34 mean_q=127.34 pairs=98304
RF915 t_ms=323306 power=0.450 mean_i=127.34 mean_q=127.34 pairs=98304
RF915 t_ms=323400 power=0.448 mean_i=127.34 mean_q=127.34 pairs=90112
RF915 t_ms=323502 power=0.448 mean_i=127.34 mean_q=127.34 pairs=98304
RF915 t_ms=323605 power=0.449 mean_i=127.34 mean_q=127.34 pairs=98304
RF915 t_ms=323707 power=0.449 mean_i=127.34 mean_q=127.34 pairs=98304
RF915 t_ms=323801 power=0.449 mean_i=127.34 mean_q=127.34 pairs=90112
RF915 t_ms=323904 power=0.450 mean_i=127.34 mean_q=127.34 pairs=98304
RF915 t_ms=324006 power=0.449 mean_i=127.34 mean_q=127.34 pairs=98304
RF915 t_ms=324100 power=0.449 mean_i=127.34 mean_q=127.34 pairs=90112
RF915 t_ms=324202 power=0.448 mean_i=127.34 mean_q=127.34 pairs=98304
RF915 t_ms=324305 power=0.449 mean_i=127.34 mean_q=127.34 pairs=98304
RF915 t_ms=324407 power=0.450 mean_i=127.34 mean_q=127.34 pairs=98304
RF915 t_ms=324501 power=0.450 mean_i=127.34 mean_q=127.34 pairs=90112
RF915 t_ms=324603 power=0.447 mean_i=127.34 mean_q=127.33 pairs=98304
RF915 t_ms=324706 power=0.449 mean_i=127.34 mean_q=127.34 pairs=98304
RF915 t_ms=324800 power=0.448 mean_i=127.34 mean_q=127.34 pairs=90112
RF915 t_ms=324902 power=0.449 mean_i=127.34 mean_q=127.34 pairs=98304
RF915 t_ms=325004 power=0.448 mean_i=127.34 mean_q=127.34 pairs=98304
RF915 t_ms=325107 power=0.449 mean_i=127.34 mean_q=127.34 pairs=98304
RF915 t_ms=325201 power=0.450 mean_i=127.34 mean_q=127.34 pairs=90112
RF915 t_ms=325303 power=0.449 mean_i=127.34 mean_q=127.34 pairs=98304
RF915 t_ms=325405 power=0.449 mean_i=127.34 mean_q=127.34 pairs=98304
RF915 t_ms=325508 power=0.448 mean_i=127.34 mean_q=127.34 pairs=98304
RF915 t_ms=325602 power=0.450 mean_i=127.34 mean_q=127.34 pairs=90112
RF915 t_ms=325704 power=0.448 mean_i=127.34 mean_q=127.34 pairs=98304
RF915 t_ms=325807 power=0.449 mean_i=127.34 mean_q=127.34 pairs=98304
RF915 t_ms=325900 power=0.448 mean_i=127.34 mean_q=127.34 pairs=90112
RF915 t_ms=326003 power=88.464 mean_i=127.21 mean_q=127.38 pairs=98304
RF915 t_ms=326105 power=145.820 mean_i=127.32 mean_q=127.19 pairs=98304
RF915 t_ms=326208 power=133.409 mean_i=127.45 mean_q=127.30 pairs=98304
RF915 t_ms=326302 power=117.993 mean_i=127.48 mean_q=127.35 pairs=90112
RF915 t_ms=326404 power=98.744 mean_i=127.43 mean_q=127.47 pairs=98304
RF915 t_ms=326506 power=98.109 mean_i=127.32 mean_q=127.38 pairs=98304
RF915 t_ms=326600 power=0.449 mean_i=127.34 mean_q=127.34 pairs=90112
RF915 t_ms=326703 power=0.449 mean_i=127.34 mean_q=127.34 pairs=98304
RF915 t_ms=326805 power=0.449 mean_i=127.34 mean_q=127.34 pairs=98304
RF915 t_ms=326907 power=0.448 mean_i=127.34 mean_q=127.34 pairs=98304
RF915 t_ms=327001 power=0.449 mean_i=127.34 mean_q=127.34 pairs=90112
RF915 t_ms=327104 power=0.448 mean_i=127.34 mean_q=127.34 pairs=98304
RF915 t_ms=327206 power=0.449 mean_i=127.34 mean_q=127.34 pairs=98304
RF915 t_ms=327300 power=0.449 mean_i=127.34 mean_q=127.34 pairs=90112
RF915 t_ms=327402 power=0.449 mean_i=127.34 mean_q=127.34 pairs=98304
RF915 t_ms=327505 power=0.449 mean_i=127.34 mean_q=127.34 pairs=98304
RF915 t_ms=327607 power=0.449 mean_i=127.34 mean_q=127.34 pairs=98304
RF915 t_ms=327701 power=0.449 mean_i=127.34 mean_q=127.34 pairs=90112
RF915 t_ms=327803 power=0.449 mean_i=127.34 mean_q=127.34 pairs=98304
RF915 t_ms=327906 power=0.450 mean_i=127.34 mean_q=127.34 pairs=98304
RF915 t_ms=328000 power=0.448 mean_i=127.34 mean_q=127.34 pairs=90112
RF915 t_ms=328102 power=0.448 mean_i=127.34 mean_q=127.34 pairs=98304
RF915 t_ms=328204 power=0.448 mean_i=127.34 mean_q=127.34 pairs=98304
RF915 t_ms=328307 power=0.449 mean_i=127.34 mean_q=127.34 pairs=98304
RF915 t_ms=328401 power=0.449 mean_i=127.34 mean_q=127.34 pairs=90112
RF915 t_ms=328503 power=0.449 mean_i=127.34 mean_q=127.34 pairs=98304
RF915 t_ms=328606 power=0.449 mean_i=127.34 mean_q=127.34 pairs=98304
RF915 t_ms=328708 power=0.451 mean_i=127.34 mean_q=127.34 pairs=98304
RF915 t_ms=328802 power=0.449 mean_i=127.34 mean_q=127.34 pairs=90112
RF915 t_ms=328904 power=0.449 mean_i=127.34 mean_q=127.34 pairs=98304
RF915 t_ms=329007 power=0.449 mean_i=127.34 mean_q=127.34 pairs=98304
RF915 t_ms=329101 power=0.449 mean_i=127.34 mean_q=127.34 pairs=90112
RF915 t_ms=329203 power=0.449 mean_i=127.34 mean_q=127.34 pairs=98304
RF915 t_ms=329305 power=0.448 mean_i=127.34 mean_q=127.34 pairs=98304
RF915 t_ms=329408 power=0.449 mean_i=127.34 mean_q=127.34 pairs=98304
RF915 t_ms=329502 power=0.449 mean_i=127.34 mean_q=127.34 pairs=90112
RF915 t_ms=329604 power=0.448 mean_i=127.33 mean_q=127.34 pairs=98304
RF915 t_ms=329706 power=0.451 mean_i=127.34 mean_q=127.34 pairs=98304
RF915 t_ms=329800 power=0.449 mean_i=127.34 mean_q=127.34 pairs=90112
RF915 t_ms=329903 power=0.450 mean_i=127.34 mean_q=127.34 pairs=98304
RF915 t_ms=330005 power=0.449 mean_i=127.34 mean_q=127.34 pairs=98304
RF915 t_ms=330107 power=0.448 mean_i=127.34 mean_q=127.34 pairs=98304
RF915 t_ms=330201 power=0.449 mean_i=127.34 mean_q=127.34 pairs=90112
RF915 t_ms=330304 power=0.448 mean_i=127.34 mean_q=127.34 pairs=98304
RF915 t_ms=330406 power=0.448 mean_i=127.34 mean_q=127.34 pairs=98304
RF915 t_ms=330500 power=0.450 mean_i=127.34 mean_q=127.34 pairs=90112
RF915 t_ms=330602 power=0.448 mean_i=127.34 mean_q=127.34 pairs=98304
RF915 t_ms=330705 power=0.449 mean_i=127.34 mean_q=127.34 pairs=98304
RF915 t_ms=330807 power=0.450 mean_i=127.34 mean_q=127.34 pairs=98304
RF915 t_ms=330901 power=0.449 mean_i=127.34 mean_q=127.34 pairs=90112
RF915 t_ms=331003 power=0.449 mean_i=127.34 mean_q=127.34 pairs=98304
RF915 t_ms=331106 power=0.450 mean_i=127.34 mean_q=127.34 pairs=98304
RF915 t_ms=331200 power=0.448 mean_i=127.34 mean_q=127.34 pairs=90112
RF915 t_ms=331302 power=0.449 mean_i=127.34 mean_q=127.34 pairs=98304
RF915 t_ms=331405 power=0.449 mean_i=127.34 mean_q=127.34 pairs=98304
RF915 t_ms=331507 power=0.448 mean_i=127.34 mean_q=127.34 pairs=98304
RF915 t_ms=331601 power=0.449 mean_i=127.34 mean_q=127.34 pairs=90112
RF915 t_ms=331703 power=0.448 mean_i=127.34 mean_q=127.34 pairs=98304
RF915 t_ms=331806 power=0.448 mean_i=127.34 mean_q=127.34 pairs=98304
RF915 t_ms=331908 power=0.450 mean_i=127.34 mean_q=127.34 pairs=98304
RF915 t_ms=332002 power=0.448 mean_i=127.34 mean_q=127.34 pairs=90112
RF915 t_ms=332104 power=0.449 mean_i=127.34 mean_q=127.34 pairs=98304
RF915 t_ms=332207 power=0.449 mean_i=127.34 mean_q=127.34 pairs=98304
RF915 t_ms=332301 power=0.449 mean_i=127.34 mean_q=127.34 pairs=90112
RF915 t_ms=332403 power=0.449 mean_i=127.34 mean_q=127.34 pairs=98304
RF915 t_ms=332505 power=0.449 mean_i=127.34 mean_q=127.34 pairs=98304
RF915 t_ms=332608 power=0.448 mean_i=127.34 mean_q=127.34 pairs=98304
RF915 t_ms=332702 power=0.450 mean_i=127.34 mean_q=127.34 pairs=90112
RF915 t_ms=332804 power=0.449 mean_i=127.34 mean_q=127.34 pairs=98304
RF915 t_ms=332906 power=0.449 mean_i=127.34 mean_q=127.34 pairs=98304
RF915 t_ms=333000 power=0.451 mean_i=127.34 mean_q=127.34 pairs=90112
RF915 t_ms=333103 power=0.449 mean_i=127.34 mean_q=127.34 pairs=98304
RF915 t_ms=333205 power=0.447 mean_i=127.33 mean_q=127.34 pairs=98304
RF915 t_ms=333308 power=0.449 mean_i=127.34 mean_q=127.34 pairs=98304
RF915 t_ms=333401 power=0.449 mean_i=127.34 mean_q=127.34 pairs=90112
RF915 t_ms=333504 power=0.449 mean_i=127.34 mean_q=127.34 pairs=98304
RF915 t_ms=333606 power=0.449 mean_i=127.34 mean_q=127.34 pairs=98304
RF915 t_ms=333700 power=0.447 mean_i=127.34 mean_q=127.34 pairs=90112
RF915 t_ms=333802 power=0.450 mean_i=127.34 mean_q=127.34 pairs=98304
RF915 t_ms=333905 power=0.448 mean_i=127.34 mean_q=127.34 pairs=98304
RF915 t_ms=334007 power=0.449 mean_i=127.34 mean_q=127.34 pairs=98304
RF915 t_ms=334101 power=0.449 mean_i=127.34 mean_q=127.34 pairs=90112
RF915 t_ms=334204 power=0.450 mean_i=127.34 mean_q=127.34 pairs=98304
RF915 t_ms=334306 power=0.449 mean_i=127.34 mean_q=127.34 pairs=98304
RF915 t_ms=334400 power=0.450 mean_i=127.34 mean_q=127.34 pairs=90112
RF915 t_ms=334502 power=0.448 mean_i=127.34 mean_q=127.34 pairs=98304
RF915 t_ms=334605 power=0.449 mean_i=127.34 mean_q=127.34 pairs=98304
RF915 t_ms=334707 power=0.449 mean_i=127.34 mean_q=127.34 pairs=98304
RF915 t_ms=334801 power=0.449 mean_i=127.34 mean_q=127.34 pairs=90112
RF915 t_ms=334903 power=0.449 mean_i=127.34 mean_q=127.34 pairs=98304
RF915 t_ms=335006 power=0.449 mean_i=127.34 mean_q=127.34 pairs=98304
RF915 t_ms=335100 power=0.449 mean_i=127.34 mean_q=127.34 pairs=90112
RF915 t_ms=335202 power=0.448 mean_i=127.34 mean_q=127.34 pairs=98304
RF915 t_ms=335304 power=0.449 mean_i=127.34 mean_q=127.34 pairs=98304
RF915 t_ms=335407 power=0.448 mean_i=127.34 mean_q=127.34 pairs=98304
RF915 t_ms=335501 power=0.449 mean_i=127.34 mean_q=127.34 pairs=90112
RF915 t_ms=335603 power=0.450 mean_i=127.34 mean_q=127.34 pairs=98304
RF915 t_ms=335705 power=0.450 mean_i=127.34 mean_q=127.34 pairs=98304
RF915 t_ms=335808 power=0.450 mean_i=127.34 mean_q=127.34 pairs=98304
RF915 t_ms=335902 power=0.449 mean_i=127.34 mean_q=127.34 pairs=90112
RF915 t_ms=336004 power=0.449 mean_i=127.34 mean_q=127.34 pairs=98304
RF915 t_ms=336107 power=0.450 mean_i=127.34 mean_q=127.34 pairs=98304
RF915 t_ms=336200 power=0.449 mean_i=127.34 mean_q=127.34 pairs=90112
RF915 t_ms=336303 power=0.449 mean_i=127.34 mean_q=127.34 pairs=98304
RF915 t_ms=336405 power=0.448 mean_i=127.34 mean_q=127.34 pairs=98304
RF915 t_ms=336508 power=0.449 mean_i=127.34 mean_q=127.34 pairs=98304
RF915 t_ms=336601 power=0.451 mean_i=127.34 mean_q=127.34 pairs=90112
RF915 t_ms=336704 power=0.449 mean_i=127.34 mean_q=127.34 pairs=98304
RF915 t_ms=336806 power=0.450 mean_i=127.34 mean_q=127.34 pairs=98304
RF915 t_ms=336900 power=0.450 mean_i=127.34 mean_q=127.34 pairs=90112
RF915 t_ms=337002 power=0.449 mean_i=127.34 mean_q=127.33 pairs=98304
RF915 t_ms=337105 power=0.449 mean_i=127.34 mean_q=127.34 pairs=98304
RF915 t_ms=337207 power=0.449 mean_i=127.34 mean_q=127.34 pairs=98304
RF915 t_ms=337301 power=0.450 mean_i=127.34 mean_q=127.34 pairs=90112
RF915 t_ms=337404 power=0.449 mean_i=127.34 mean_q=127.34 pairs=98304
RF915 t_ms=337506 power=0.449 mean_i=127.34 mean_q=127.34 pairs=98304
RF915 t_ms=337600 power=0.450 mean_i=127.34 mean_q=127.34 pairs=90112
RF915 t_ms=337702 power=0.449 mean_i=127.34 mean_q=127.34 pairs=98304
RF915 t_ms=337805 power=0.449 mean_i=127.34 mean_q=127.34 pairs=98304
RF915 t_ms=337907 power=0.448 mean_i=127.34 mean_q=127.34 pairs=98304
RF915 t_ms=338001 power=0.449 mean_i=127.34 mean_q=127.34 pairs=90112
RF915 t_ms=338103 power=0.448 mean_i=127.34 mean_q=127.34 pairs=98304
RF915 t_ms=338206 power=0.449 mean_i=127.34 mean_q=127.34 pairs=98304
RF915 t_ms=338300 power=0.449 mean_i=127.34 mean_q=127.34 pairs=90112
RF915 t_ms=338402 power=0.448 mean_i=127.34 mean_q=127.33 pairs=98304
RF915 t_ms=338504 power=0.449 mean_i=127.34 mean_q=127.33 pairs=98304
RF915 t_ms=338607 power=0.448 mean_i=127.34 mean_q=127.34 pairs=98304
RF915 t_ms=338701 power=0.449 mean_i=127.34 mean_q=127.34 pairs=90112
RF915 t_ms=338803 power=0.449 mean_i=127.34 mean_q=127.34 pairs=98304
RF915 t_ms=338906 power=0.448 mean_i=127.34 mean_q=127.33 pairs=98304
RF915 t_ms=339008 power=0.449 mean_i=127.34 mean_q=127.34 pairs=98304
RF915 t_ms=339102 power=0.449 mean_i=127.34 mean_q=127.34 pairs=90112
RF915 t_ms=339204 power=0.449 mean_i=127.34 mean_q=127.34 pairs=98304
RF915 t_ms=339307 power=0.449 mean_i=127.34 mean_q=127.34 pairs=98304
RF915 t_ms=339400 power=0.449 mean_i=127.34 mean_q=127.34 pairs=90112
RF915 t_ms=339503 power=0.449 mean_i=127.34 mean_q=127.34 pairs=98304
RF915 t_ms=339605 power=0.450 mean_i=127.34 mean_q=127.34 pairs=98304
RF915 t_ms=339708 power=0.448 mean_i=127.34 mean_q=127.34 pairs=98304
RF915 t_ms=339802 power=0.449 mean_i=127.34 mean_q=127.34 pairs=90112
RF915 t_ms=339904 power=0.449 mean_i=127.34 mean_q=127.34 pairs=98304
RF915 t_ms=340006 power=0.449 mean_i=127.34 mean_q=127.34 pairs=98304
RF915 t_ms=340100 power=0.448 mean_i=127.34 mean_q=127.34 pairs=90112
RF915 t_ms=340203 power=0.449 mean_i=127.34 mean_q=127.34 pairs=98304
RF915 t_ms=340305 power=0.449 mean_i=127.34 mean_q=127.34 pairs=98304
RF915 t_ms=340407 power=0.450 mean_i=127.34 mean_q=127.34 pairs=98304
RF915 t_ms=340501 power=0.449 mean_i=127.34 mean_q=127.34 pairs=90112
RF915 t_ms=340604 power=0.451 mean_i=127.34 mean_q=127.34 pairs=98304
RF915 t_ms=340706 power=0.449 mean_i=127.34 mean_q=127.34 pairs=98304
RF915 t_ms=340800 power=0.449 mean_i=127.34 mean_q=127.34 pairs=90112
RF915 t_ms=340902 power=0.450 mean_i=127.34 mean_q=127.34 pairs=98304
RF915 t_ms=341005 power=0.449 mean_i=127.34 mean_q=127.34 pairs=98304
RF915 t_ms=341107 power=0.450 mean_i=127.34 mean_q=127.34 pairs=98304
RF915 t_ms=341201 power=0.449 mean_i=127.34 mean_q=127.34 pairs=90112
RF915 t_ms=341303 power=0.449 mean_i=127.34 mean_q=127.34 pairs=98304
RF915 t_ms=341406 power=0.449 mean_i=127.34 mean_q=127.34 pairs=98304
RF915 t_ms=341500 power=0.451 mean_i=127.34 mean_q=127.34 pairs=90112
RF915 t_ms=341602 power=0.449 mean_i=127.34 mean_q=127.34 pairs=98304
RF915 t_ms=341704 power=0.449 mean_i=127.34 mean_q=127.34 pairs=98304
RF915 t_ms=341807 power=0.449 mean_i=127.34 mean_q=127.34 pairs=98304
RF915 t_ms=341901 power=0.448 mean_i=127.34 mean_q=127.34 pairs=90112
RF915 t_ms=342003 power=0.449 mean_i=127.34 mean_q=127.34 pairs=98304
RF915 t_ms=342106 power=0.449 mean_i=127.34 mean_q=127.34 pairs=98304
RF915 t_ms=342208 power=0.450 mean_i=127.34 mean_q=127.34 pairs=98304
RF915 t_ms=342302 power=0.448 mean_i=127.34 mean_q=127.34 pairs=90112
RF915 t_ms=342404 power=0.449 mean_i=127.34 mean_q=127.34 pairs=98304
RF915 t_ms=342507 power=0.448 mean_i=127.34 mean_q=127.34 pairs=98304
RF915 t_ms=342601 power=0.447 mean_i=127.34 mean_q=127.34 pairs=90112
RF915 t_ms=342703 power=0.450 mean_i=127.34 mean_q=127.34 pairs=98304
RF915 t_ms=342805 power=0.449 mean_i=127.34 mean_q=127.34 pairs=98304
RF915 t_ms=342908 power=0.450 mean_i=127.34 mean_q=127.34 pairs=98304
RF915 t_ms=343002 power=0.448 mean_i=127.33 mean_q=127.34 pairs=90112
RF915 t_ms=343104 power=0.448 mean_i=127.34 mean_q=127.34 pairs=98304
RF915 t_ms=343206 power=0.448 mean_i=127.34 mean_q=127.34 pairs=98304
RF915 t_ms=343300 power=0.449 mean_i=127.34 mean_q=127.34 pairs=90112
RF915 t_ms=343403 power=0.449 mean_i=127.34 mean_q=127.34 pairs=98304
RF915 t_ms=343505 power=0.449 mean_i=127.34 mean_q=127.34 pairs=98304
RF915 t_ms=343608 power=0.450 mean_i=127.34 mean_q=127.34 pairs=98304
RF915 t_ms=343701 power=0.449 mean_i=127.34 mean_q=127.34 pairs=90112
RF915 t_ms=343804 power=0.450 mean_i=127.34 mean_q=127.34 pairs=98304
RF915 t_ms=343906 power=0.448 mean_i=127.34 mean_q=127.34 pairs=98304
RF915 t_ms=344000 power=0.450 mean_i=127.34 mean_q=127.34 pairs=90112
RF915 t_ms=344102 power=0.449 mean_i=127.34 mean_q=127.34 pairs=98304
RF915 t_ms=344205 power=0.448 mean_i=127.34 mean_q=127.34 pairs=98304
RF915 t_ms=344307 power=0.449 mean_i=127.34 mean_q=127.34 pairs=98304
RF915 t_ms=344401 power=0.450 mean_i=127.34 mean_q=127.34 pairs=90112
RF915 t_ms=344503 power=0.448 mean_i=127.34 mean_q=127.34 pairs=98304
RF915 t_ms=344606 power=0.449 mean_i=127.34 mean_q=127.34 pairs=98304
RF915 t_ms=344700 power=0.449 mean_i=127.34 mean_q=127.34 pairs=90112
RF915 t_ms=344802 power=0.448 mean_i=127.34 mean_q=127.34 pairs=98304
RF915 t_ms=344905 power=0.449 mean_i=127.34 mean_q=127.34 pairs=98304
RF915 t_ms=345007 power=0.449 mean_i=127.34 mean_q=127.34 pairs=98304
RF915 t_ms=345101 power=0.448 mean_i=127.34 mean_q=127.33 pairs=90112
RF915 t_ms=345203 power=0.449 mean_i=127.34 mean_q=127.34 pairs=98304
RF915 t_ms=345306 power=0.450 mean_i=127.34 mean_q=127.34 pairs=98304
RF915 t_ms=345400 power=0.449 mean_i=127.34 mean_q=127.34 pairs=90112
RF915 t_ms=345502 power=0.449 mean_i=127.34 mean_q=127.34 pairs=98304
RF915 t_ms=345604 power=0.449 mean_i=127.34 mean_q=127.34 pairs=98304
RF915 t_ms=345707 power=0.447 mean_i=127.33 mean_q=127.34 pairs=98304
RF915 t_ms=345801 power=0.450 mean_i=127.34 mean_q=127.34 pairs=90112
RF915 t_ms=345903 power=0.448 mean_i=127.34 mean_q=127.34 pairs=98304
RF915 t_ms=346005 power=0.448 mean_i=127.34 mean_q=127.33 pairs=98304
RF915 t_ms=346108 power=0.450 mean_i=127.34 mean_q=127.34 pairs=98304
RF915 t_ms=346202 power=0.449 mean_i=127.34 mean_q=127.34 pairs=90112
RF915 t_ms=346304 power=0.449 mean_i=127.34 mean_q=127.34 pairs=98304
RF915 t_ms=346407 power=0.448 mean_i=127.34 mean_q=127.34 pairs=98304
RF915 t_ms=346500 power=0.450 mean_i=127.34 mean_q=127.34 pairs=90112
RF915 t_ms=346603 power=0.448 mean_i=127.34 mean_q=127.34 pairs=98304
RF915 t_ms=346705 power=0.449 mean_i=127.34 mean_q=127.34 pairs=98304
RF915 t_ms=346808 power=0.447 mean_i=127.34 mean_q=127.34 pairs=98304
RF915 t_ms=346901 power=0.450 mean_i=127.34 mean_q=127.34 pairs=90112
RF915 t_ms=347004 power=0.450 mean_i=127.34 mean_q=127.34 pairs=98304
RF915 t_ms=347106 power=0.449 mean_i=127.34 mean_q=127.34 pairs=98304
RF915 t_ms=347200 power=0.448 mean_i=127.34 mean_q=127.34 pairs=90112
RF915 t_ms=347303 power=0.449 mean_i=127.34 mean_q=127.34 pairs=98304
RF915 t_ms=347405 power=0.449 mean_i=127.34 mean_q=127.34 pairs=98304
RF915 t_ms=347507 power=0.449 mean_i=127.34 mean_q=127.34 pairs=98304
RF915 t_ms=347601 power=0.449 mean_i=127.34 mean_q=127.34 pairs=90112
RF915 t_ms=347704 power=0.450 mean_i=127.34 mean_q=127.34 pairs=98304
RF915 t_ms=347806 power=0.449 mean_i=127.34 mean_q=127.34 pairs=98304
RF915 t_ms=347900 power=0.450 mean_i=127.34 mean_q=127.34 pairs=90112
RF915 t_ms=348002 power=0.449 mean_i=127.34 mean_q=127.34 pairs=98304
RF915 t_ms=348105 power=0.451 mean_i=127.34 mean_q=127.34 pairs=98304
RF915 t_ms=348207 power=0.449 mean_i=127.34 mean_q=127.34 pairs=98304
RF915 t_ms=348301 power=0.449 mean_i=127.34 mean_q=127.34 pairs=90112
RF915 t_ms=348403 power=0.448 mean_i=127.34 mean_q=127.34 pairs=98304
RF915 t_ms=348506 power=0.448 mean_i=127.34 mean_q=127.34 pairs=98304
RF915 t_ms=348600 power=0.448 mean_i=127.34 mean_q=127.34 pairs=90112
RF915 t_ms=348702 power=0.447 mean_i=127.34 mean_q=127.34 pairs=98304
RF915 t_ms=348804 power=0.449 mean_i=127.34 mean_q=127.34 pairs=98304
RF915 t_ms=348907 power=0.447 mean_i=127.34 mean_q=127.34 pairs=98304
RF915 t_ms=349001 power=0.450 mean_i=127.34 mean_q=127.34 pairs=90112
RF915 t_ms=349103 power=0.450 mean_i=127.34 mean_q=127.34 pairs=98304
RF915 t_ms=349205 power=0.450 mean_i=127.34 mean_q=127.34 pairs=98304
RF915 t_ms=349308 power=0.449 mean_i=127.34 mean_q=127.34 pairs=98304
RF915 t_ms=349402 power=0.450 mean_i=127.34 mean_q=127.34 pairs=90112
RF915 t_ms=349504 power=0.447 mean_i=127.34 mean_q=127.34 pairs=98304
RF915 t_ms=349607 power=0.448 mean_i=127.34 mean_q=127.34 pairs=98304
RF915 t_ms=349700 power=0.448 mean_i=127.34 mean_q=127.34 pairs=90112
RF915 t_ms=349803 power=0.447 mean_i=127.33 mean_q=127.34 pairs=98304
RF915 t_ms=349905 power=0.447 mean_i=127.33 mean_q=127.34 pairs=98304
RF915 t_ms=350008 power=0.449 mean_i=127.34 mean_q=127.34 pairs=98304
RF915 t_ms=350102 power=0.449 mean_i=127.34 mean_q=127.34 pairs=90112
RF915 t_ms=350204 power=0.449 mean_i=127.34 mean_q=127.34 pairs=98304
RF915 t_ms=350306 power=0.449 mean_i=127.34 mean_q=127.34 pairs=98304
RF915 t_ms=350400 power=0.448 mean_i=127.34 mean_q=127.34 pairs=90112
RF915 t_ms=350503 power=0.449 mean_i=127.34 mean_q=127.34 pairs=98304
RF915 t_ms=350605 power=0.449 mean_i=127.34 mean_q=127.34 pairs=98304
RF915 t_ms=350707 power=0.449 mean_i=127.34 mean_q=127.34 pairs=98304
RF915 t_ms=350801 power=0.448 mean_i=127.34 mean_q=127.34 pairs=90112
RF915 t_ms=350904 power=0.449 mean_i=127.34 mean_q=127.34 pairs=98304
RF915 t_ms=351006 power=0.449 mean_i=127.34 mean_q=127.34 pairs=98304
RF915 t_ms=351100 power=0.448 mean_i=127.34 mean_q=127.34 pairs=90112
RF915 t_ms=351202 power=0.448 mean_i=127.34 mean_q=127.34 pairs=98304
RF915 t_ms=351305 power=0.450 mean_i=127.34 mean_q=127.34 pairs=98304
RF915 t_ms=351407 power=0.449 mean_i=127.34 mean_q=127.34 pairs=98304
RF915 t_ms=351501 power=0.448 mean_i=127.34 mean_q=127.34 pairs=90112
RF915 t_ms=351603 power=0.448 mean_i=127.34 mean_q=127.34 pairs=98304
RF915 t_ms=351706 power=0.448 mean_i=127.34 mean_q=127.34 pairs=98304
RF915 t_ms=351800 power=0.449 mean_i=127.34 mean_q=127.34 pairs=90112
RF915 t_ms=351902 power=0.450 mean_i=127.34 mean_q=127.34 pairs=98304
RF915 t_ms=352004 power=0.449 mean_i=127.34 mean_q=127.34 pairs=98304
RF915 t_ms=352107 power=0.448 mean_i=127.34 mean_q=127.34 pairs=98304
RF915 t_ms=352201 power=0.448 mean_i=127.34 mean_q=127.34 pairs=90112
RF915 t_ms=352303 power=0.449 mean_i=127.34 mean_q=127.34 pairs=98304
RF915 t_ms=352406 power=0.449 mean_i=127.34 mean_q=127.34 pairs=98304
RF915 t_ms=352508 power=0.449 mean_i=127.34 mean_q=127.34 pairs=98304
RF915 t_ms=352602 power=0.449 mean_i=127.34 mean_q=127.34 pairs=90112
RF915 t_ms=352704 power=0.448 mean_i=127.34 mean_q=127.34 pairs=98304
RF915 t_ms=352807 power=0.449 mean_i=127.34 mean_q=127.34 pairs=98304
RF915 t_ms=352901 power=0.449 mean_i=127.34 mean_q=127.34 pairs=90112
RF915 t_ms=353003 power=0.449 mean_i=127.34 mean_q=127.34 pairs=98304
RF915 t_ms=353105 power=0.448 mean_i=127.34 mean_q=127.34 pairs=98304
RF915 t_ms=353208 power=0.448 mean_i=127.34 mean_q=127.34 pairs=98304
RF915 t_ms=353302 power=0.449 mean_i=127.34 mean_q=127.34 pairs=90112
RF915 t_ms=353404 power=0.448 mean_i=127.34 mean_q=127.34 pairs=98304
RF915 t_ms=353506 power=0.450 mean_i=127.34 mean_q=127.34 pairs=98304
RF915 t_ms=353600 power=0.449 mean_i=127.34 mean_q=127.34 pairs=90112
RF915 t_ms=353703 power=0.449 mean_i=127.34 mean_q=127.34 pairs=98304
RF915 t_ms=353805 power=0.447 mean_i=127.33 mean_q=127.34 pairs=98304
RF915 t_ms=353907 power=0.448 mean_i=127.34 mean_q=127.34 pairs=98304
RF915 t_ms=354001 power=0.449 mean_i=127.34 mean_q=127.34 pairs=90112
RF915 t_ms=354104 power=0.449 mean_i=127.33 mean_q=127.34 pairs=98304
RF915 t_ms=354206 power=0.450 mean_i=127.34 mean_q=127.34 pairs=98304
RF915 t_ms=354300 power=0.450 mean_i=127.34 mean_q=127.34 pairs=90112
RF915 t_ms=354402 power=0.450 mean_i=127.34 mean_q=127.34 pairs=98304
RF915 t_ms=354505 power=0.449 mean_i=127.34 mean_q=127.34 pairs=98304
RF915 t_ms=354607 power=0.449 mean_i=127.34 mean_q=127.34 pairs=98304
RF915 t_ms=354701 power=0.449 mean_i=127.34 mean_q=127.34 pairs=90112
RF915 t_ms=354804 power=0.448 mean_i=127.34 mean_q=127.34 pairs=98304
RF915 t_ms=354906 power=0.448 mean_i=127.34 mean_q=127.34 pairs=98304
RF915 t_ms=355000 power=0.448 mean_i=127.34 mean_q=127.34 pairs=90112
RF915 t_ms=355102 power=0.449 mean_i=127.34 mean_q=127.34 pairs=98304
RF915 t_ms=355205 power=0.450 mean_i=127.34 mean_q=127.34 pairs=98304
RF915 t_ms=355307 power=0.449 mean_i=127.34 mean_q=127.34 pairs=98304
RF915 t_ms=355401 power=0.448 mean_i=127.34 mean_q=127.34 pairs=90112
RF915 t_ms=355503 power=0.449 mean_i=127.34 mean_q=127.34 pairs=98304
RF915 t_ms=355606 power=0.449 mean_i=127.34 mean_q=127.34 pairs=98304
RF915 t_ms=355700 power=0.448 mean_i=127.34 mean_q=127.34 pairs=90112
RF915 t_ms=355802 power=0.448 mean_i=127.33 mean_q=127.34 pairs=98304
RF915 t_ms=355904 power=0.450 mean_i=127.34 mean_q=127.34 pairs=98304
RF915 t_ms=356007 power=0.449 mean_i=127.34 mean_q=127.34 pairs=98304
RF915 t_ms=356101 power=0.449 mean_i=127.34 mean_q=127.34 pairs=90112
RF915 t_ms=356203 power=0.448 mean_i=127.34 mean_q=127.34 pairs=98304
RF915 t_ms=356305 power=0.450 mean_i=127.34 mean_q=127.34 pairs=98304
RF915 t_ms=356408 power=0.448 mean_i=127.33 mean_q=127.34 pairs=98304
RF915 t_ms=356502 power=0.449 mean_i=127.34 mean_q=127.34 pairs=90112
RF915 t_ms=356604 power=0.450 mean_i=127.34 mean_q=127.34 pairs=98304
RF915 t_ms=356706 power=0.449 mean_i=127.34 mean_q=127.34 pairs=98304
RF915 t_ms=356800 power=0.448 mean_i=127.34 mean_q=127.34 pairs=90112
RF915 t_ms=356903 power=0.451 mean_i=127.34 mean_q=127.34 pairs=98304
RF915 t_ms=357005 power=0.450 mean_i=127.34 mean_q=127.34 pairs=98304
RF915 t_ms=357108 power=0.449 mean_i=127.34 mean_q=127.34 pairs=98304
RF915 t_ms=357201 power=0.449 mean_i=127.34 mean_q=127.34 pairs=90112
RF915 t_ms=357304 power=0.450 mean_i=127.34 mean_q=127.34 pairs=98304
RF915 t_ms=357406 power=0.451 mean_i=127.34 mean_q=127.34 pairs=98304
RF915 t_ms=357500 power=0.449 mean_i=127.34 mean_q=127.34 pairs=90112
RF915 t_ms=357603 power=0.449 mean_i=127.34 mean_q=127.34 pairs=98304
RF915 t_ms=357705 power=0.448 mean_i=127.34 mean_q=127.34 pairs=98304
RF915 t_ms=357807 power=0.448 mean_i=127.34 mean_q=127.34 pairs=98304
RF915 t_ms=357901 power=0.448 mean_i=127.34 mean_q=127.34 pairs=90112
RF915 t_ms=358004 power=0.449 mean_i=127.34 mean_q=127.34 pairs=98304
RF915 t_ms=358106 power=0.449 mean_i=127.34 mean_q=127.34 pairs=98304
RF915 t_ms=358200 power=0.450 mean_i=127.34 mean_q=127.34 pairs=90112
RF915 t_ms=358302 power=0.448 mean_i=127.34 mean_q=127.34 pairs=98304
RF915 t_ms=358405 power=0.448 mean_i=127.33 mean_q=127.34 pairs=98304
RF915 t_ms=358507 power=0.448 mean_i=127.34 mean_q=127.34 pairs=98304
RF915 t_ms=358601 power=0.449 mean_i=127.34 mean_q=127.34 pairs=90112
RF915 t_ms=358703 power=0.449 mean_i=127.34 mean_q=127.34 pairs=98304
RF915 t_ms=358806 power=0.448 mean_i=127.34 mean_q=127.34 pairs=98304
RF915 t_ms=358900 power=0.449 mean_i=127.34 mean_q=127.34 pairs=90112
RF915 t_ms=359002 power=0.449 mean_i=127.34 mean_q=127.34 pairs=98304
RF915 t_ms=359104 power=0.449 mean_i=127.34 mean_q=127.34 pairs=98304
RF915 t_ms=359207 power=0.449 mean_i=127.34 mean_q=127.34 pairs=98304
RF915 t_ms=359301 power=0.450 mean_i=127.34 mean_q=127.34 pairs=90112
RF915 t_ms=359403 power=0.448 mean_i=127.34 mean_q=127.34 pairs=98304
RF915 t_ms=359505 power=0.449 mean_i=127.34 mean_q=127.34 pairs=98304
RF915 t_ms=359608 power=0.451 mean_i=127.34 mean_q=127.34 pairs=98304
RF915 t_ms=359702 power=0.450 mean_i=127.34 mean_q=127.34 pairs=90112
RF915 t_ms=359804 power=0.449 mean_i=127.34 mean_q=127.34 pairs=98304
RF915 t_ms=359907 power=0.448 mean_i=127.34 mean_q=127.34 pairs=98304
RF915 t_ms=360000 power=0.447 mean_i=127.34 mean_q=127.34 pairs=90112
RF915 t_ms=360103 power=0.449 mean_i=127.34 mean_q=127.34 pairs=98304
RF915 t_ms=360205 power=0.448 mean_i=127.34 mean_q=127.34 pairs=98304
RF915 t_ms=360308 power=0.450 mean_i=127.34 mean_q=127.34 pairs=98304
RF915 t_ms=360402 power=0.450 mean_i=127.34 mean_q=127.34 pairs=90112
RF915 t_ms=360504 power=0.448 mean_i=127.34 mean_q=127.34 pairs=98304
RF915 t_ms=360606 power=0.448 mean_i=127.34 mean_q=127.34 pairs=98304
RF915 t_ms=360700 power=0.449 mean_i=127.34 mean_q=127.34 pairs=90112
RF915 t_ms=360803 power=0.448 mean_i=127.34 mean_q=127.34 pairs=98304
RF915 t_ms=360905 power=0.450 mean_i=127.34 mean_q=127.34 pairs=98304
RF915 t_ms=361007 power=0.448 mean_i=127.34 mean_q=127.33 pairs=98304
RF915 t_ms=361101 power=0.448 mean_i=127.34 mean_q=127.34 pairs=90112
RF915 t_ms=361204 power=0.449 mean_i=127.34 mean_q=127.34 pairs=98304
RF915 t_ms=361306 power=0.449 mean_i=127.34 mean_q=127.34 pairs=98304
RF915 t_ms=361400 power=0.449 mean_i=127.34 mean_q=127.34 pairs=90112
RF915 t_ms=361502 power=0.448 mean_i=127.34 mean_q=127.34 pairs=98304
RF915 t_ms=361605 power=0.449 mean_i=127.34 mean_q=127.34 pairs=98304
RF915 t_ms=361707 power=0.449 mean_i=127.34 mean_q=127.34 pairs=98304
RF915 t_ms=361801 power=0.448 mean_i=127.34 mean_q=127.34 pairs=90112
RF915 t_ms=361903 power=0.449 mean_i=127.34 mean_q=127.34 pairs=98304
RF915 t_ms=362006 power=0.449 mean_i=127.34 mean_q=127.34 pairs=98304
RF915 t_ms=362100 power=0.449 mean_i=127.34 mean_q=127.34 pairs=90112
RF915 t_ms=362202 power=0.449 mean_i=127.34 mean_q=127.34 pairs=98304
RF915 t_ms=362305 power=0.451 mean_i=127.34 mean_q=127.34 pairs=98304
RF915 t_ms=362407 power=0.450 mean_i=127.34 mean_q=127.34 pairs=98304
RF915 t_ms=362501 power=0.449 mean_i=127.34 mean_q=127.34 pairs=90112
RF915 t_ms=362603 power=0.449 mean_i=127.34 mean_q=127.34 pairs=98304
RF915 t_ms=362706 power=0.449 mean_i=127.34 mean_q=127.34 pairs=98304
RF915 t_ms=362800 power=0.449 mean_i=127.34 mean_q=127.34 pairs=90112
RF915 t_ms=362902 power=0.449 mean_i=127.34 mean_q=127.34 pairs=98304
RF915 t_ms=363004 power=0.448 mean_i=127.34 mean_q=127.34 pairs=98304
RF915 t_ms=363107 power=0.449 mean_i=127.34 mean_q=127.34 pairs=98304
RF915 t_ms=363201 power=0.448 mean_i=127.34 mean_q=127.34 pairs=90112
RF915 t_ms=363303 power=0.448 mean_i=127.34 mean_q=127.34 pairs=98304
RF915 t_ms=363405 power=0.450 mean_i=127.34 mean_q=127.34 pairs=98304
RF915 t_ms=363508 power=0.447 mean_i=127.34 mean_q=127.34 pairs=98304
RF915 t_ms=363602 power=0.448 mean_i=127.34 mean_q=127.34 pairs=90112
RF915 t_ms=363704 power=0.448 mean_i=127.34 mean_q=127.34 pairs=98304
RF915 t_ms=363806 power=0.448 mean_i=127.34 mean_q=127.34 pairs=98304
RF915 t_ms=363900 power=0.450 mean_i=127.34 mean_q=127.34 pairs=90112
RF915 t_ms=364003 power=0.447 mean_i=127.34 mean_q=127.33 pairs=98304
RF915 t_ms=364105 power=0.448 mean_i=127.34 mean_q=127.34 pairs=98304
RF915 t_ms=364207 power=0.449 mean_i=127.34 mean_q=127.34 pairs=98304
RF915 t_ms=364301 power=0.449 mean_i=127.34 mean_q=127.34 pairs=90112
RF915 t_ms=364404 power=0.450 mean_i=127.34 mean_q=127.34 pairs=98304
RF915 t_ms=364506 power=0.450 mean_i=127.34 mean_q=127.34 pairs=98304
RF915 t_ms=364600 power=0.448 mean_i=127.34 mean_q=127.34 pairs=90112
RF915 t_ms=364702 power=0.447 mean_i=127.34 mean_q=127.34 pairs=98304
RF915 t_ms=364805 power=0.449 mean_i=127.34 mean_q=127.34 pairs=98304
RF915 t_ms=364907 power=0.449 mean_i=127.34 mean_q=127.34 pairs=98304
RF915 t_ms=365001 power=0.450 mean_i=127.34 mean_q=127.34 pairs=90112
RF915 t_ms=365104 power=0.449 mean_i=127.34 mean_q=127.34 pairs=98304
RF915 t_ms=365206 power=0.450 mean_i=127.34 mean_q=127.34 pairs=98304
RF915 t_ms=365300 power=0.450 mean_i=127.34 mean_q=127.34 pairs=90112
RF915 t_ms=365402 power=0.449 mean_i=127.34 mean_q=127.34 pairs=98304
RF915 t_ms=365505 power=0.449 mean_i=127.34 mean_q=127.34 pairs=98304
RF915 t_ms=365607 power=0.450 mean_i=127.34 mean_q=127.34 pairs=98304
RF915 t_ms=365701 power=0.449 mean_i=127.34 mean_q=127.34 pairs=90112
RF915 t_ms=365803 power=0.450 mean_i=127.34 mean_q=127.34 pairs=98304
RF915 t_ms=365906 power=0.448 mean_i=127.34 mean_q=127.34 pairs=98304
RF915 t_ms=366000 power=0.451 mean_i=127.34 mean_q=127.34 pairs=90112
RF915 t_ms=366102 power=0.447 mean_i=127.34 mean_q=127.34 pairs=98304
RF915 t_ms=366204 power=0.449 mean_i=127.34 mean_q=127.34 pairs=98304
RF915 t_ms=366307 power=0.448 mean_i=127.34 mean_q=127.34 pairs=98304
RF915 t_ms=366401 power=0.449 mean_i=127.34 mean_q=127.34 pairs=90112
RF915 t_ms=366503 power=0.448 mean_i=127.33 mean_q=127.34 pairs=98304
RF915 t_ms=366605 power=0.448 mean_i=127.34 mean_q=127.34 pairs=98304
RF915 t_ms=366708 power=0.449 mean_i=127.34 mean_q=127.34 pairs=98304
RF915 t_ms=366802 power=0.449 mean_i=127.34 mean_q=127.34 pairs=90112
RF915 t_ms=366904 power=0.447 mean_i=127.33 mean_q=127.34 pairs=98304
RF915 t_ms=367006 power=0.448 mean_i=127.34 mean_q=127.34 pairs=98304
RF915 t_ms=367100 power=0.448 mean_i=127.34 mean_q=127.34 pairs=90112
RF915 t_ms=367203 power=0.448 mean_i=127.34 mean_q=127.34 pairs=98304
RF915 t_ms=367305 power=0.448 mean_i=127.34 mean_q=127.34 pairs=98304
RF915 t_ms=367408 power=0.449 mean_i=127.34 mean_q=127.34 pairs=98304
RF915 t_ms=367501 power=0.449 mean_i=127.34 mean_q=127.34 pairs=90112
RF915 t_ms=367604 power=0.449 mean_i=127.34 mean_q=127.34 pairs=98304
RF915 t_ms=367706 power=0.450 mean_i=127.34 mean_q=127.34 pairs=98304
RF915 t_ms=367800 power=0.449 mean_i=127.34 mean_q=127.34 pairs=90112
RF915 t_ms=367903 power=0.448 mean_i=127.34 mean_q=127.34 pairs=98304
RF915 t_ms=368005 power=0.447 mean_i=127.34 mean_q=127.34 pairs=98304
RF915 t_ms=368107 power=0.449 mean_i=127.34 mean_q=127.34 pairs=98304
RF915 t_ms=368201 power=0.449 mean_i=127.34 mean_q=127.34 pairs=90112
RF915 t_ms=368304 power=0.448 mean_i=127.34 mean_q=127.34 pairs=98304
RF915 t_ms=368406 power=0.449 mean_i=127.34 mean_q=127.34 pairs=98304
RF915 t_ms=368500 power=0.449 mean_i=127.34 mean_q=127.34 pairs=90112
RF915 t_ms=368602 power=0.448 mean_i=127.34 mean_q=127.34 pairs=98304
RF915 t_ms=368705 power=0.448 mean_i=127.34 mean_q=127.34 pairs=98304
RF915 t_ms=368807 power=0.448 mean_i=127.34 mean_q=127.34 pairs=98304
RF915 t_ms=368901 power=0.449 mean_i=127.34 mean_q=127.34 pairs=90112
RF915 t_ms=369003 power=0.450 mean_i=127.34 mean_q=127.34 pairs=98304
RF915 t_ms=369106 power=0.449 mean_i=127.34 mean_q=127.34 pairs=98304
RF915 t_ms=369200 power=0.450 mean_i=127.34 mean_q=127.34 pairs=90112
RF915 t_ms=369302 power=0.449 mean_i=127.34 mean_q=127.34 pairs=98304
RF915 t_ms=369404 power=0.451 mean_i=127.34 mean_q=127.34 pairs=98304
RF915 t_ms=369507 power=0.448 mean_i=127.34 mean_q=127.34 pairs=98304
RF915 t_ms=369601 power=0.449 mean_i=127.34 mean_q=127.34 pairs=90112
RF915 t_ms=369703 power=0.449 mean_i=127.34 mean_q=127.34 pairs=98304
RF915 t_ms=369806 power=0.449 mean_i=127.34 mean_q=127.34 pairs=98304
RF915 t_ms=369908 power=0.449 mean_i=127.34 mean_q=127.34 pairs=98304
RF915 t_ms=370002 power=0.449 mean_i=127.34 mean_q=127.34 pairs=90112
RF915 t_ms=370104 power=0.449 mean_i=127.34 mean_q=127.34 pairs=98304
RF915 t_ms=370207 power=0.449 mean_i=127.34 mean_q=127.34 pairs=98304
RF915 t_ms=370301 power=0.449 mean_i=127.34 mean_q=127.34 pairs=90112
RF915 t_ms=370403 power=0.448 mean_i=127.34 mean_q=127.34 pairs=98304
RF915 t_ms=370505 power=0.449 mean_i=127.34 mean_q=127.34 pairs=98304
RF915 t_ms=370608 power=0.448 mean_i=127.34 mean_q=127.34 pairs=98304
RF915 t_ms=370702 power=0.451 mean_i=127.34 mean_q=127.34 pairs=90112
RF915 t_ms=370804 power=0.448 mean_i=127.34 mean_q=127.34 pairs=98304
RF915 t_ms=370906 power=0.449 mean_i=127.34 mean_q=127.34 pairs=98304
RF915 t_ms=371000 power=0.449 mean_i=127.34 mean_q=127.34 pairs=90112
RF915 t_ms=371103 power=0.449 mean_i=127.34 mean_q=127.34 pairs=98304
RF915 t_ms=371205 power=0.449 mean_i=127.34 mean_q=127.34 pairs=98304
RF915 t_ms=371307 power=0.449 mean_i=127.34 mean_q=127.34 pairs=98304
RF915 t_ms=371401 power=0.450 mean_i=127.34 mean_q=127.34 pairs=90112
RF915 t_ms=371504 power=0.449 mean_i=127.34 mean_q=127.34 pairs=98304
RF915 t_ms=371606 power=0.449 mean_i=127.34 mean_q=127.34 pairs=98304
RF915 t_ms=371700 power=0.449 mean_i=127.34 mean_q=127.34 pairs=90112
RF915 t_ms=371802 power=0.449 mean_i=127.34 mean_q=127.34 pairs=98304
RF915 t_ms=371905 power=0.448 mean_i=127.34 mean_q=127.34 pairs=98304
RF915 t_ms=372007 power=0.447 mean_i=127.34 mean_q=127.33 pairs=98304
RF915 t_ms=372101 power=0.449 mean_i=127.34 mean_q=127.34 pairs=90112
RF915 t_ms=372203 power=0.449 mean_i=127.34 mean_q=127.34 pairs=98304
RF915 t_ms=372306 power=0.450 mean_i=127.34 mean_q=127.34 pairs=98304
RF915 t_ms=372400 power=0.448 mean_i=127.34 mean_q=127.34 pairs=90112
RF915 t_ms=372502 power=0.451 mean_i=127.34 mean_q=127.34 pairs=98304
RF915 t_ms=372605 power=0.449 mean_i=127.34 mean_q=127.34 pairs=98304
RF915 t_ms=372707 power=0.449 mean_i=127.34 mean_q=127.34 pairs=98304
RF915 t_ms=372801 power=0.449 mean_i=127.34 mean_q=127.34 pairs=90112
RF915 t_ms=372903 power=0.449 mean_i=127.34 mean_q=127.34 pairs=98304
RF915 t_ms=373006 power=0.449 mean_i=127.34 mean_q=127.34 pairs=98304
RF915 t_ms=373108 power=0.451 mean_i=127.34 mean_q=127.34 pairs=98304
RF915 t_ms=373202 power=0.449 mean_i=127.34 mean_q=127.34 pairs=90112
RF915 t_ms=373304 power=0.450 mean_i=127.34 mean_q=127.34 pairs=98304
RF915 t_ms=373407 power=0.448 mean_i=127.34 mean_q=127.34 pairs=98304
RF915 t_ms=373501 power=0.449 mean_i=127.34 mean_q=127.34 pairs=90112
RF915 t_ms=373603 power=0.448 mean_i=127.34 mean_q=127.34 pairs=98304
RF915 t_ms=373705 power=0.449 mean_i=127.34 mean_q=127.34 pairs=98304
RF915 t_ms=373808 power=0.450 mean_i=127.34 mean_q=127.34 pairs=98304
RF915 t_ms=373902 power=0.449 mean_i=127.34 mean_q=127.34 pairs=90112
RF915 t_ms=374004 power=0.449 mean_i=127.34 mean_q=127.34 pairs=98304
RF915 t_ms=374106 power=0.449 mean_i=127.34 mean_q=127.34 pairs=98304
RF915 t_ms=374200 power=0.449 mean_i=127.34 mean_q=127.34 pairs=90112
RF915 t_ms=374303 power=0.449 mean_i=127.34 mean_q=127.34 pairs=98304
RF915 t_ms=374405 power=0.449 mean_i=127.34 mean_q=127.34 pairs=98304
RF915 t_ms=374507 power=0.448 mean_i=127.34 mean_q=127.34 pairs=98304
RF915 t_ms=374601 power=0.447 mean_i=127.33 mean_q=127.34 pairs=90112
RF915 t_ms=374704 power=0.448 mean_i=127.34 mean_q=127.34 pairs=98304
RF915 t_ms=374806 power=0.448 mean_i=127.34 mean_q=127.34 pairs=98304
RF915 t_ms=374900 power=0.448 mean_i=127.34 mean_q=127.34 pairs=90112
RF915 t_ms=375002 power=0.449 mean_i=127.34 mean_q=127.34 pairs=98304
RF915 t_ms=375105 power=0.449 mean_i=127.34 mean_q=127.34 pairs=98304
RF915 t_ms=375207 power=0.450 mean_i=127.34 mean_q=127.34 pairs=98304
RF915 t_ms=375301 power=0.449 mean_i=127.34 mean_q=127.34 pairs=90112
RF915 t_ms=375404 power=0.449 mean_i=127.34 mean_q=127.34 pairs=98304
RF915 t_ms=375506 power=0.448 mean_i=127.34 mean_q=127.34 pairs=98304
RF915 t_ms=375600 power=0.450 mean_i=127.34 mean_q=127.34 pairs=90112
RF915 t_ms=375702 power=0.449 mean_i=127.34 mean_q=127.34 pairs=98304
RF915 t_ms=375805 power=0.450 mean_i=127.34 mean_q=127.34 pairs=98304
RF915 t_ms=375907 power=0.450 mean_i=127.34 mean_q=127.34 pairs=98304
RF915 t_ms=376001 power=0.450 mean_i=127.34 mean_q=127.34 pairs=90112
RF915 t_ms=376103 power=0.449 mean_i=127.34 mean_q=127.34 pairs=98304
RF915 t_ms=376206 power=0.449 mean_i=127.34 mean_q=127.34 pairs=98304
RF915 t_ms=376300 power=0.447 mean_i=127.33 mean_q=127.34 pairs=90112
RF915 t_ms=376402 power=0.450 mean_i=127.34 mean_q=127.34 pairs=98304
RF915 t_ms=376504 power=0.449 mean_i=127.34 mean_q=127.34 pairs=98304
RF915 t_ms=376607 power=0.448 mean_i=127.34 mean_q=127.34 pairs=98304
RF915 t_ms=376701 power=0.449 mean_i=127.34 mean_q=127.34 pairs=90112
RF915 t_ms=376803 power=0.449 mean_i=127.34 mean_q=127.34 pairs=98304
RF915 t_ms=376905 power=0.448 mean_i=127.34 mean_q=127.34 pairs=98304
RF915 t_ms=377008 power=0.448 mean_i=127.34 mean_q=127.34 pairs=98304
RF915 t_ms=377102 power=0.448 mean_i=127.34 mean_q=127.34 pairs=90112
RF915 t_ms=377204 power=0.450 mean_i=127.34 mean_q=127.34 pairs=98304
RF915 t_ms=377307 power=0.449 mean_i=127.34 mean_q=127.34 pairs=98304
RF915 t_ms=377400 power=0.449 mean_i=127.34 mean_q=127.34 pairs=90112
RF915 t_ms=377503 power=0.448 mean_i=127.34 mean_q=127.34 pairs=98304
RF915 t_ms=377605 power=0.449 mean_i=127.34 mean_q=127.34 pairs=98304
RF915 t_ms=377708 power=0.450 mean_i=127.34 mean_q=127.34 pairs=98304
RF915 t_ms=377801 power=0.448 mean_i=127.34 mean_q=127.34 pairs=90112
RF915 t_ms=377904 power=0.448 mean_i=127.34 mean_q=127.34 pairs=98304
RF915 t_ms=378006 power=0.450 mean_i=127.34 mean_q=127.34 pairs=98304
RF915 t_ms=378100 power=0.449 mean_i=127.34 mean_q=127.34 pairs=90112
RF915 t_ms=378202 power=0.450 mean_i=127.34 mean_q=127.34 pairs=98304
RF915 t_ms=378305 power=0.448 mean_i=127.34 mean_q=127.34 pairs=98304
RF915 t_ms=378407 power=0.448 mean_i=127.34 mean_q=127.34 pairs=98304
RF915 t_ms=378501 power=0.447 mean_i=127.33 mean_q=127.34 pairs=90112
RF915 t_ms=378604 power=0.449 mean_i=127.34 mean_q=127.34 pairs=98304
RF915 t_ms=378706 power=0.450 mean_i=127.34 mean_q=127.34 pairs=98304
RF915 t_ms=378800 power=0.449 mean_i=127.34 mean_q=127.34 pairs=90112
RF915 t_ms=378902 power=0.450 mean_i=127.34 mean_q=127.34 pairs=98304
RF915 t_ms=379005 power=0.449 mean_i=127.34 mean_q=127.34 pairs=98304
RF915 t_ms=379107 power=0.449 mean_i=127.34 mean_q=127.34 pairs=98304
RF915 t_ms=379201 power=0.448 mean_i=127.34 mean_q=127.34 pairs=90112
RF915 t_ms=379303 power=0.449 mean_i=127.34 mean_q=127.34 pairs=98304
RF915 t_ms=379406 power=0.449 mean_i=127.34 mean_q=127.34 pairs=98304
RF915 t_ms=379500 power=0.449 mean_i=127.34 mean_q=127.34 pairs=90112
RF915 t_ms=379602 power=0.450 mean_i=127.34 mean_q=127.34 pairs=98304
RF915 t_ms=379704 power=0.449 mean_i=127.34 mean_q=127.34 pairs=98304
RF915 t_ms=379807 power=0.451 mean_i=127.34 mean_q=127.34 pairs=98304
RF915 t_ms=379901 power=0.448 mean_i=127.34 mean_q=127.34 pairs=90112
RF915 t_ms=380003 power=0.449 mean_i=127.34 mean_q=127.34 pairs=98304
RF915 t_ms=380106 power=0.449 mean_i=127.34 mean_q=127.34 pairs=98304
RF915 t_ms=380208 power=0.451 mean_i=127.34 mean_q=127.34 pairs=98304
RF915 t_ms=380302 power=0.449 mean_i=127.34 mean_q=127.34 pairs=90112
RF915 t_ms=380404 power=0.446 mean_i=127.33 mean_q=127.33 pairs=98304
RF915 t_ms=380507 power=0.451 mean_i=127.34 mean_q=127.34 pairs=98304
RF915 t_ms=380600 power=0.449 mean_i=127.34 mean_q=127.34 pairs=90112
RF915 t_ms=380703 power=0.448 mean_i=127.34 mean_q=127.33 pairs=98304
RF915 t_ms=380805 power=0.449 mean_i=127.34 mean_q=127.34 pairs=98304
RF915 t_ms=380908 power=0.449 mean_i=127.34 mean_q=127.34 pairs=98304
RF915 t_ms=381002 power=0.448 mean_i=127.34 mean_q=127.34 pairs=90112
RF915 t_ms=381104 power=0.450 mean_i=127.34 mean_q=127.34 pairs=98304
RF915 t_ms=381206 power=0.449 mean_i=127.34 mean_q=127.34 pairs=98304
RF915 t_ms=381300 power=0.449 mean_i=127.34 mean_q=127.34 pairs=90112
RF915 t_ms=381403 power=0.449 mean_i=127.34 mean_q=127.34 pairs=98304
RF915 t_ms=381505 power=0.449 mean_i=127.34 mean_q=127.34 pairs=98304
RF915 t_ms=381607 power=0.449 mean_i=127.34 mean_q=127.34 pairs=98304
RF915 t_ms=381701 power=0.448 mean_i=127.34 mean_q=127.34 pairs=90112
RF915 t_ms=381804 power=0.449 mean_i=127.34 mean_q=127.34 pairs=98304
RF915 t_ms=381906 power=0.448 mean_i=127.34 mean_q=127.34 pairs=98304
RF915 t_ms=382000 power=0.451 mean_i=127.34 mean_q=127.34 pairs=90112
RF915 t_ms=382102 power=0.449 mean_i=127.34 mean_q=127.34 pairs=98304
RF915 t_ms=382205 power=0.449 mean_i=127.34 mean_q=127.34 pairs=98304
RF915 t_ms=382307 power=0.450 mean_i=127.34 mean_q=127.34 pairs=98304
RF915 t_ms=382401 power=0.450 mean_i=127.34 mean_q=127.34 pairs=90112
RF915 t_ms=382503 power=0.448 mean_i=127.34 mean_q=127.34 pairs=98304
RF915 t_ms=382606 power=0.449 mean_i=127.34 mean_q=127.34 pairs=98304
RF915 t_ms=382700 power=0.450 mean_i=127.34 mean_q=127.34 pairs=90112
RF915 t_ms=382802 power=0.449 mean_i=127.34 mean_q=127.34 pairs=98304
RF915 t_ms=382905 power=0.450 mean_i=127.34 mean_q=127.34 pairs=98304
RF915 t_ms=383007 power=0.449 mean_i=127.34 mean_q=127.34 pairs=98304
RF915 t_ms=383101 power=0.449 mean_i=127.34 mean_q=127.34 pairs=90112
RF915 t_ms=383203 power=0.449 mean_i=127.34 mean_q=127.34 pairs=98304
RF915 t_ms=383306 power=0.450 mean_i=127.34 mean_q=127.34 pairs=98304
RF915 t_ms=383408 power=0.449 mean_i=127.34 mean_q=127.34 pairs=98304
RF915 t_ms=383502 power=0.449 mean_i=127.34 mean_q=127.34 pairs=90112
RF915 t_ms=383604 power=0.449 mean_i=127.34 mean_q=127.34 pairs=98304
RF915 t_ms=383707 power=0.449 mean_i=127.34 mean_q=127.34 pairs=98304
RF915 t_ms=383801 power=0.449 mean_i=127.34 mean_q=127.34 pairs=90112
RF915 t_ms=383903 power=0.448 mean_i=127.34 mean_q=127.34 pairs=98304
RF915 t_ms=384005 power=0.449 mean_i=127.34 mean_q=127.34 pairs=98304
RF915 t_ms=384108 power=0.448 mean_i=127.34 mean_q=127.34 pairs=98304
RF915 t_ms=384202 power=0.449 mean_i=127.34 mean_q=127.34 pairs=90112
RF915 t_ms=384304 power=0.448 mean_i=127.34 mean_q=127.34 pairs=98304
RF915 t_ms=384406 power=0.449 mean_i=127.34 mean_q=127.34 pairs=98304
RF915 t_ms=384500 power=0.449 mean_i=127.34 mean_q=127.34 pairs=90112
RF915 t_ms=384603 power=0.449 mean_i=127.34 mean_q=127.34 pairs=98304
RF915 t_ms=384705 power=0.449 mean_i=127.34 mean_q=127.34 pairs=98304
RF915 t_ms=384808 power=0.449 mean_i=127.34 mean_q=127.34 pairs=98304
RF915 t_ms=384901 power=0.449 mean_i=127.34 mean_q=127.34 pairs=90112
RF915 t_ms=385004 power=0.449 mean_i=127.34 mean_q=127.34 pairs=98304
RF915 t_ms=385106 power=0.449 mean_i=127.34 mean_q=127.34 pairs=98304
RF915 t_ms=385200 power=0.449 mean_i=127.34 mean_q=127.34 pairs=90112
RF915 t_ms=385302 power=0.450 mean_i=127.34 mean_q=127.34 pairs=98304
RF915 t_ms=385405 power=0.449 mean_i=127.34 mean_q=127.34 pairs=98304
RF915 t_ms=385507 power=0.450 mean_i=127.34 mean_q=127.34 pairs=98304
RF915 t_ms=385601 power=0.448 mean_i=127.34 mean_q=127.33 pairs=90112
RF915 t_ms=385703 power=0.448 mean_i=127.34 mean_q=127.34 pairs=98304
RF915 t_ms=385806 power=0.449 mean_i=127.34 mean_q=127.34 pairs=98304
RF915 t_ms=385900 power=0.449 mean_i=127.34 mean_q=127.34 pairs=90112
RF915 t_ms=386002 power=0.449 mean_i=127.34 mean_q=127.34 pairs=98304
RF915 t_ms=386105 power=0.449 mean_i=127.34 mean_q=127.34 pairs=98304
RF915 t_ms=386207 power=0.449 mean_i=127.34 mean_q=127.34 pairs=98304
RF915 t_ms=386301 power=0.450 mean_i=127.34 mean_q=127.34 pairs=90112
RF915 t_ms=386403 power=0.449 mean_i=127.34 mean_q=127.34 pairs=98304
RF915 t_ms=386506 power=0.449 mean_i=127.34 mean_q=127.34 pairs=98304
RF915 t_ms=386600 power=0.448 mean_i=127.34 mean_q=127.34 pairs=90112
RF915 t_ms=386702 power=0.448 mean_i=127.34 mean_q=127.34 pairs=98304
RF915 t_ms=386804 power=0.450 mean_i=127.34 mean_q=127.34 pairs=98304
RF915 t_ms=386907 power=0.449 mean_i=127.34 mean_q=127.34 pairs=98304
RF915 t_ms=387001 power=0.449 mean_i=127.34 mean_q=127.34 pairs=90112
RF915 t_ms=387103 power=0.449 mean_i=127.34 mean_q=127.34 pairs=98304
RF915 t_ms=387205 power=0.449 mean_i=127.34 mean_q=127.34 pairs=98304
RF915 t_ms=387308 power=0.449 mean_i=127.34 mean_q=127.34 pairs=98304
RF915 t_ms=387402 power=0.448 mean_i=127.34 mean_q=127.34 pairs=90112
RF915 t_ms=387504 power=0.449 mean_i=127.34 mean_q=127.34 pairs=98304
RF915 t_ms=387607 power=0.450 mean_i=127.34 mean_q=127.34 pairs=98304
RF915 t_ms=387700 power=0.448 mean_i=127.34 mean_q=127.34 pairs=90112
RF915 t_ms=387803 power=0.450 mean_i=127.34 mean_q=127.34 pairs=98304
RF915 t_ms=387905 power=0.449 mean_i=127.34 mean_q=127.34 pairs=98304
RF915 t_ms=388008 power=0.448 mean_i=127.34 mean_q=127.34 pairs=98304
RF915 t_ms=388101 power=0.450 mean_i=127.34 mean_q=127.34 pairs=90112
RF915 t_ms=388204 power=0.448 mean_i=127.34 mean_q=127.34 pairs=98304
RF915 t_ms=388306 power=0.449 mean_i=127.34 mean_q=127.34 pairs=98304
RF915 t_ms=388400 power=0.449 mean_i=127.34 mean_q=127.34 pairs=90112
RF915 t_ms=388502 power=0.449 mean_i=127.34 mean_q=127.34 pairs=98304
RF915 t_ms=388605 power=0.449 mean_i=127.34 mean_q=127.34 pairs=98304
RF915 t_ms=388707 power=0.449 mean_i=127.33 mean_q=127.34 pairs=98304
RF915 t_ms=388801 power=0.449 mean_i=127.34 mean_q=127.34 pairs=90112
RF915 t_ms=388904 power=0.448 mean_i=127.34 mean_q=127.34 pairs=98304
RF915 t_ms=389006 power=0.447 mean_i=127.33 mean_q=127.34 pairs=98304
RF915 t_ms=389100 power=0.450 mean_i=127.34 mean_q=127.34 pairs=90112
RF915 t_ms=389202 power=0.448 mean_i=127.34 mean_q=127.34 pairs=98304
RF915 t_ms=389305 power=0.450 mean_i=127.34 mean_q=127.34 pairs=98304
RF915 t_ms=389407 power=0.450 mean_i=127.34 mean_q=127.34 pairs=98304
RF915 t_ms=389501 power=0.449 mean_i=127.34 mean_q=127.34 pairs=90112
RF915 t_ms=389603 power=0.449 mean_i=127.34 mean_q=127.34 pairs=98304
RF915 t_ms=389706 power=0.449 mean_i=127.34 mean_q=127.34 pairs=98304
RF915 t_ms=389800 power=0.449 mean_i=127.34 mean_q=127.34 pairs=90112
RF915 t_ms=389902 power=0.450 mean_i=127.34 mean_q=127.34 pairs=98304
RF915 t_ms=390004 power=0.449 mean_i=127.34 mean_q=127.34 pairs=98304
RF915 t_ms=390107 power=0.450 mean_i=127.34 mean_q=127.34 pairs=98304
RF915 t_ms=390201 power=0.449 mean_i=127.34 mean_q=127.34 pairs=90112
RF915 t_ms=390303 power=0.449 mean_i=127.34 mean_q=127.34 pairs=98304
RF915 t_ms=390405 power=0.449 mean_i=127.34 mean_q=127.34 pairs=98304
RF915 t_ms=390508 power=0.447 mean_i=127.33 mean_q=127.34 pairs=98304
RF915 t_ms=390602 power=0.448 mean_i=127.34 mean_q=127.34 pairs=90112
RF915 t_ms=390704 power=0.449 mean_i=127.34 mean_q=127.34 pairs=98304
RF915 t_ms=390807 power=0.449 mean_i=127.34 mean_q=127.34 pairs=98304
RF915 t_ms=390900 power=0.448 mean_i=127.34 mean_q=127.34 pairs=90112
RF915 t_ms=391003 power=0.449 mean_i=127.34 mean_q=127.34 pairs=98304
RF915 t_ms=391105 power=0.449 mean_i=127.34 mean_q=127.34 pairs=98304
RF915 t_ms=391208 power=0.449 mean_i=127.34 mean_q=127.34 pairs=98304
RF915 t_ms=391302 power=0.449 mean_i=127.34 mean_q=127.34 pairs=90112
RF915 t_ms=391404 power=0.447 mean_i=127.33 mean_q=127.34 pairs=98304
RF915 t_ms=391506 power=0.448 mean_i=127.34 mean_q=127.34 pairs=98304
RF915 t_ms=391600 power=0.449 mean_i=127.34 mean_q=127.34 pairs=90112
RF915 t_ms=391703 power=0.449 mean_i=127.34 mean_q=127.34 pairs=98304
RF915 t_ms=391805 power=0.449 mean_i=127.34 mean_q=127.34 pairs=98304
RF915 t_ms=391907 power=0.449 mean_i=127.34 mean_q=127.34 pairs=98304
RF915 t_ms=392001 power=0.449 mean_i=127.34 mean_q=127.34 pairs=90112
RF915 t_ms=392104 power=0.449 mean_i=127.34 mean_q=127.34 pairs=98304
RF915 t_ms=392206 power=0.449 mean_i=127.34 mean_q=127.34 pairs=98304
RF915 t_ms=392300 power=52.905 mean_i=127.41 mean_q=127.42 pairs=90112
RF915 t_ms=392402 power=162.148 mean_i=127.49 mean_q=127.65 pairs=98304
RF915 t_ms=392505 power=164.489 mean_i=127.32 mean_q=127.50 pairs=98304
RF915 t_ms=392607 power=165.937 mean_i=127.37 mean_q=127.41 pairs=98304
RF915 t_ms=392701 power=175.781 mean_i=127.41 mean_q=127.37 pairs=90112
RF915 t_ms=392803 power=82.954 mean_i=127.41 mean_q=127.35 pairs=98304
RF915 t_ms=392906 power=0.447 mean_i=127.33 mean_q=127.34 pairs=98304
RF915 t_ms=393000 power=0.450 mean_i=127.34 mean_q=127.34 pairs=90112
RF915 t_ms=393102 power=0.450 mean_i=127.34 mean_q=127.34 pairs=98304
RF915 t_ms=393204 power=0.449 mean_i=127.34 mean_q=127.34 pairs=98304
RF915 t_ms=393307 power=0.450 mean_i=127.34 mean_q=127.34 pairs=98304
RF915 t_ms=393401 power=0.449 mean_i=127.34 mean_q=127.34 pairs=90112
RF915 t_ms=393503 power=0.448 mean_i=127.34 mean_q=127.34 pairs=98304
RF915 t_ms=393606 power=0.449 mean_i=127.34 mean_q=127.34 pairs=98304
RF915 t_ms=393708 power=0.449 mean_i=127.34 mean_q=127.34 pairs=98304
RF915 t_ms=393802 power=0.449 mean_i=127.34 mean_q=127.34 pairs=90112
RF915 t_ms=393904 power=0.449 mean_i=127.34 mean_q=127.34 pairs=98304
RF915 t_ms=394007 power=3274.971 mean_i=127.21 mean_q=127.46 pairs=98304
RF915 t_ms=394101 power=5552.718 mean_i=127.78 mean_q=127.42 pairs=90112
RF915 t_ms=394203 power=5433.717 mean_i=127.15 mean_q=126.71 pairs=98304
RF915 t_ms=394305 power=4384.672 mean_i=127.82 mean_q=127.37 pairs=98304
RF915 t_ms=394408 power=4306.978 mean_i=127.42 mean_q=127.31 pairs=98304
RF915 t_ms=394502 power=791.316 mean_i=127.07 mean_q=127.25 pairs=90112
RF915 t_ms=394604 power=0.438 mean_i=127.32 mean_q=127.32 pairs=98304
RF915 t_ms=394706 power=0.440 mean_i=127.32 mean_q=127.33 pairs=98304
RF915 t_ms=394800 power=0.438 mean_i=127.32 mean_q=127.32 pairs=90112
RF915 t_ms=394903 power=0.439 mean_i=127.32 mean_q=127.32 pairs=98304
RF915 t_ms=395005 power=0.445 mean_i=127.33 mean_q=127.33 pairs=98304
RF915 t_ms=395108 power=0.449 mean_i=127.34 mean_q=127.34 pairs=98304
RF915 t_ms=395201 power=0.449 mean_i=127.34 mean_q=127.34 pairs=90112
RF915 t_ms=395304 power=0.448 mean_i=127.34 mean_q=127.34 pairs=98304
RF915 t_ms=395406 power=0.449 mean_i=127.34 mean_q=127.34 pairs=98304
RF915 t_ms=395500 power=0.449 mean_i=127.34 mean_q=127.34 pairs=90112
RF915 t_ms=395602 power=0.450 mean_i=127.34 mean_q=127.34 pairs=98304
RF915 t_ms=395705 power=0.449 mean_i=127.34 mean_q=127.34 pairs=98304
RF915 t_ms=395807 power=0.448 mean_i=127.34 mean_q=127.34 pairs=98304
RF915 t_ms=395901 power=0.449 mean_i=127.34 mean_q=127.34 pairs=90112
RF915 t_ms=396003 power=0.448 mean_i=127.34 mean_q=127.34 pairs=98304
RF915 t_ms=396106 power=0.451 mean_i=127.34 mean_q=127.34 pairs=98304
RF915 t_ms=396200 power=0.450 mean_i=127.34 mean_q=127.34 pairs=90112
RF915 t_ms=396302 power=0.448 mean_i=127.34 mean_q=127.34 pairs=98304
RF915 t_ms=396405 power=0.449 mean_i=127.34 mean_q=127.34 pairs=98304
RF915 t_ms=396507 power=0.449 mean_i=127.34 mean_q=127.34 pairs=98304
RF915 t_ms=396601 power=0.450 mean_i=127.34 mean_q=127.34 pairs=90112
RF915 t_ms=396703 power=0.449 mean_i=127.34 mean_q=127.34 pairs=98304
RF915 t_ms=396806 power=0.450 mean_i=127.34 mean_q=127.34 pairs=98304
RF915 t_ms=396900 power=0.451 mean_i=127.34 mean_q=127.34 pairs=90112
RF915 t_ms=397002 power=0.449 mean_i=127.34 mean_q=127.34 pairs=98304
RF915 t_ms=397104 power=0.450 mean_i=127.34 mean_q=127.34 pairs=98304
RF915 t_ms=397207 power=0.450 mean_i=127.34 mean_q=127.34 pairs=98304
RF915 t_ms=397301 power=0.449 mean_i=127.34 mean_q=127.34 pairs=90112
RF915 t_ms=397403 power=0.448 mean_i=127.34 mean_q=127.34 pairs=98304
RF915 t_ms=397505 power=0.449 mean_i=127.34 mean_q=127.34 pairs=98304
RF915 t_ms=397608 power=0.450 mean_i=127.34 mean_q=127.34 pairs=98304
RF915 t_ms=397702 power=0.450 mean_i=127.34 mean_q=127.34 pairs=90112
RF915 t_ms=397804 power=0.449 mean_i=127.34 mean_q=127.34 pairs=98304
RF915 t_ms=397906 power=0.450 mean_i=127.34 mean_q=127.34 pairs=98304
RF915 t_ms=398000 power=0.448 mean_i=127.34 mean_q=127.34 pairs=90112
RF915 t_ms=398103 power=0.448 mean_i=127.34 mean_q=127.34 pairs=98304
RF915 t_ms=398205 power=0.448 mean_i=127.34 mean_q=127.34 pairs=98304
RF915 t_ms=398308 power=0.449 mean_i=127.34 mean_q=127.34 pairs=98304
RF915 t_ms=398401 power=0.449 mean_i=127.34 mean_q=127.34 pairs=90112
RF915 t_ms=398504 power=0.449 mean_i=127.34 mean_q=127.34 pairs=98304
RF915 t_ms=398606 power=0.448 mean_i=127.34 mean_q=127.34 pairs=98304
RF915 t_ms=398700 power=0.449 mean_i=127.34 mean_q=127.34 pairs=90112
RF915 t_ms=398803 power=0.449 mean_i=127.34 mean_q=127.34 pairs=98304
RF915 t_ms=398905 power=0.449 mean_i=127.34 mean_q=127.34 pairs=98304
RF915 t_ms=399007 power=0.449 mean_i=127.34 mean_q=127.34 pairs=98304
RF915 t_ms=399101 power=0.448 mean_i=127.34 mean_q=127.34 pairs=90112
RF915 t_ms=399204 power=0.449 mean_i=127.34 mean_q=127.34 pairs=98304
RF915 t_ms=399306 power=0.449 mean_i=127.34 mean_q=127.34 pairs=98304
RF915 t_ms=399400 power=0.448 mean_i=127.34 mean_q=127.34 pairs=90112
RF915 t_ms=399502 power=0.449 mean_i=127.34 mean_q=127.34 pairs=98304
RF915 t_ms=399605 power=0.449 mean_i=127.34 mean_q=127.34 pairs=98304
RF915 t_ms=399707 power=0.449 mean_i=127.34 mean_q=127.34 pairs=98304
RF915 t_ms=399801 power=0.449 mean_i=127.34 mean_q=127.34 pairs=90112
RF915 t_ms=399903 power=0.449 mean_i=127.34 mean_q=127.34 pairs=98304
RF915 t_ms=400006 power=0.450 mean_i=127.34 mean_q=127.34 pairs=98304
RF915 t_ms=400100 power=0.448 mean_i=127.34 mean_q=127.34 pairs=90112
RF915 t_ms=400202 power=0.447 mean_i=127.33 mean_q=127.34 pairs=98304
RF915 t_ms=400304 power=0.448 mean_i=127.34 mean_q=127.34 pairs=98304
RF915 t_ms=400407 power=0.448 mean_i=127.34 mean_q=127.34 pairs=98304
RF915 t_ms=400501 power=0.449 mean_i=127.34 mean_q=127.34 pairs=90112
RF915 t_ms=400603 power=0.450 mean_i=127.34 mean_q=127.34 pairs=98304
RF915 t_ms=400705 power=0.450 mean_i=127.34 mean_q=127.34 pairs=98304
RF915 t_ms=400808 power=0.449 mean_i=127.34 mean_q=127.34 pairs=98304
RF915 t_ms=400902 power=0.448 mean_i=127.34 mean_q=127.34 pairs=90112
RF915 t_ms=401004 power=0.450 mean_i=127.34 mean_q=127.34 pairs=98304
RF915 t_ms=401107 power=0.449 mean_i=127.34 mean_q=127.34 pairs=98304
RF915 t_ms=401200 power=0.448 mean_i=127.34 mean_q=127.34 pairs=90112
RF915 t_ms=401303 power=0.449 mean_i=127.34 mean_q=127.34 pairs=98304
RF915 t_ms=401405 power=0.448 mean_i=127.34 mean_q=127.34 pairs=98304
RF915 t_ms=401508 power=0.449 mean_i=127.34 mean_q=127.34 pairs=98304
RF915 t_ms=401602 power=0.448 mean_i=127.34 mean_q=127.34 pairs=90112
RF915 t_ms=401704 power=0.449 mean_i=127.34 mean_q=127.34 pairs=98304
RF915 t_ms=401806 power=0.448 mean_i=127.34 mean_q=127.34 pairs=98304
RF915 t_ms=401900 power=0.448 mean_i=127.34 mean_q=127.34 pairs=90112
RF915 t_ms=402003 power=0.449 mean_i=127.34 mean_q=127.34 pairs=98304
RF915 t_ms=402105 power=0.449 mean_i=127.34 mean_q=127.34 pairs=98304
RF915 t_ms=402207 power=0.448 mean_i=127.34 mean_q=127.34 pairs=98304
RF915 t_ms=402301 power=0.449 mean_i=127.34 mean_q=127.34 pairs=90112
RF915 t_ms=402404 power=0.448 mean_i=127.34 mean_q=127.34 pairs=98304
RF915 t_ms=402506 power=0.448 mean_i=127.34 mean_q=127.34 pairs=98304
RF915 t_ms=402600 power=0.448 mean_i=127.34 mean_q=127.34 pairs=90112
RF915 t_ms=402702 power=0.450 mean_i=127.34 mean_q=127.34 pairs=98304
RF915 t_ms=402805 power=0.449 mean_i=127.34 mean_q=127.34 pairs=98304
RF915 t_ms=402907 power=0.450 mean_i=127.34 mean_q=127.34 pairs=98304
RF915 t_ms=403001 power=0.448 mean_i=127.34 mean_q=127.34 pairs=90112
RF915 t_ms=403103 power=0.448 mean_i=127.34 mean_q=127.34 pairs=98304
RF915 t_ms=403206 power=0.450 mean_i=127.34 mean_q=127.34 pairs=98304
RF915 t_ms=403300 power=0.449 mean_i=127.34 mean_q=127.34 pairs=90112
RF915 t_ms=403402 power=0.448 mean_i=127.33 mean_q=127.34 pairs=98304
RF915 t_ms=403504 power=0.448 mean_i=127.34 mean_q=127.34 pairs=98304
RF915 t_ms=403607 power=0.449 mean_i=127.34 mean_q=127.34 pairs=98304
RF915 t_ms=403701 power=0.448 mean_i=127.34 mean_q=127.34 pairs=90112
RF915 t_ms=403803 power=0.449 mean_i=127.34 mean_q=127.34 pairs=98304
RF915 t_ms=403906 power=0.449 mean_i=127.34 mean_q=127.34 pairs=98304
RF915 t_ms=404008 power=0.449 mean_i=127.34 mean_q=127.34 pairs=98304
RF915 t_ms=404102 power=0.447 mean_i=127.34 mean_q=127.33 pairs=90112
RF915 t_ms=404204 power=0.449 mean_i=127.34 mean_q=127.34 pairs=98304
RF915 t_ms=404307 power=0.449 mean_i=127.34 mean_q=127.34 pairs=98304
RF915 t_ms=404401 power=0.449 mean_i=127.34 mean_q=127.34 pairs=90112
RF915 t_ms=404503 power=0.449 mean_i=127.34 mean_q=127.34 pairs=98304
RF915 t_ms=404605 power=0.449 mean_i=127.34 mean_q=127.34 pairs=98304
RF915 t_ms=404708 power=0.448 mean_i=127.34 mean_q=127.34 pairs=98304
RF915 t_ms=404802 power=0.448 mean_i=127.33 mean_q=127.34 pairs=90112
RF915 t_ms=404904 power=0.448 mean_i=127.34 mean_q=127.34 pairs=98304
RF915 t_ms=405006 power=0.450 mean_i=127.34 mean_q=127.34 pairs=98304
RF915 t_ms=405100 power=0.449 mean_i=127.34 mean_q=127.34 pairs=90112
RF915 t_ms=405203 power=0.448 mean_i=127.34 mean_q=127.34 pairs=98304
RF915 t_ms=405305 power=0.449 mean_i=127.34 mean_q=127.34 pairs=98304
RF915 t_ms=405407 power=0.449 mean_i=127.34 mean_q=127.34 pairs=98304
RF915 t_ms=405501 power=0.448 mean_i=127.34 mean_q=127.34 pairs=90112
RF915 t_ms=405604 power=0.449 mean_i=127.34 mean_q=127.34 pairs=98304
RF915 t_ms=405706 power=0.450 mean_i=127.34 mean_q=127.34 pairs=98304
RF915 t_ms=405800 power=0.448 mean_i=127.34 mean_q=127.34 pairs=90112
RF915 t_ms=405902 power=0.449 mean_i=127.34 mean_q=127.34 pairs=98304
RF915 t_ms=406005 power=0.450 mean_i=127.34 mean_q=127.34 pairs=98304
RF915 t_ms=406107 power=0.449 mean_i=127.34 mean_q=127.34 pairs=98304
RF915 t_ms=406201 power=0.448 mean_i=127.34 mean_q=127.34 pairs=90112
RF915 t_ms=406304 power=0.450 mean_i=127.34 mean_q=127.34 pairs=98304
RF915 t_ms=406406 power=0.449 mean_i=127.34 mean_q=127.34 pairs=98304
RF915 t_ms=406500 power=0.450 mean_i=127.34 mean_q=127.34 pairs=90112
RF915 t_ms=406602 power=0.449 mean_i=127.34 mean_q=127.34 pairs=98304
RF915 t_ms=406705 power=0.449 mean_i=127.34 mean_q=127.34 pairs=98304
RF915 t_ms=406807 power=0.449 mean_i=127.34 mean_q=127.34 pairs=98304
RF915 t_ms=406901 power=0.448 mean_i=127.34 mean_q=127.34 pairs=90112
RF915 t_ms=407003 power=0.449 mean_i=127.34 mean_q=127.34 pairs=98304
RF915 t_ms=407106 power=0.447 mean_i=127.34 mean_q=127.34 pairs=98304
RF915 t_ms=407200 power=0.449 mean_i=127.34 mean_q=127.34 pairs=90112
RF915 t_ms=407302 power=0.449 mean_i=127.34 mean_q=127.34 pairs=98304
RF915 t_ms=407404 power=0.449 mean_i=127.34 mean_q=127.34 pairs=98304
RF915 t_ms=407507 power=0.449 mean_i=127.34 mean_q=127.34 pairs=98304
RF915 t_ms=407601 power=0.448 mean_i=127.34 mean_q=127.34 pairs=90112
RF915 t_ms=407703 power=0.448 mean_i=127.34 mean_q=127.34 pairs=98304
RF915 t_ms=407805 power=0.448 mean_i=127.34 mean_q=127.34 pairs=98304
RF915 t_ms=407908 power=0.449 mean_i=127.34 mean_q=127.34 pairs=98304
RF915 t_ms=408002 power=0.448 mean_i=127.34 mean_q=127.34 pairs=90112
RF915 t_ms=408104 power=0.450 mean_i=127.34 mean_q=127.34 pairs=98304
RF915 t_ms=408206 power=0.449 mean_i=127.34 mean_q=127.34 pairs=98304
RF915 t_ms=408300 power=0.449 mean_i=127.34 mean_q=127.34 pairs=90112
RF915 t_ms=408403 power=0.449 mean_i=127.34 mean_q=127.34 pairs=98304
RF915 t_ms=408505 power=0.447 mean_i=127.34 mean_q=127.34 pairs=98304
RF915 t_ms=408608 power=0.449 mean_i=127.34 mean_q=127.34 pairs=98304
RF915 t_ms=408701 power=0.449 mean_i=127.34 mean_q=127.34 pairs=90112
RF915 t_ms=408804 power=0.449 mean_i=127.34 mean_q=127.34 pairs=98304
RF915 t_ms=408906 power=0.450 mean_i=127.34 mean_q=127.34 pairs=98304
RF915 t_ms=409000 power=0.449 mean_i=127.34 mean_q=127.34 pairs=90112
RF915 t_ms=409103 power=0.450 mean_i=127.34 mean_q=127.34 pairs=98304
RF915 t_ms=409205 power=0.448 mean_i=127.34 mean_q=127.34 pairs=98304
RF915 t_ms=409307 power=0.449 mean_i=127.34 mean_q=127.34 pairs=98304
RF915 t_ms=409401 power=0.448 mean_i=127.34 mean_q=127.34 pairs=90112
RF915 t_ms=409504 power=0.448 mean_i=127.34 mean_q=127.34 pairs=98304
RF915 t_ms=409606 power=0.448 mean_i=127.34 mean_q=127.34 pairs=98304
RF915 t_ms=409700 power=0.448 mean_i=127.34 mean_q=127.34 pairs=90112
RF915 t_ms=409802 power=0.451 mean_i=127.34 mean_q=127.34 pairs=98304
RF915 t_ms=409905 power=0.448 mean_i=127.34 mean_q=127.34 pairs=98304
RF915 t_ms=410007 power=0.449 mean_i=127.34 mean_q=127.34 pairs=98304
RF915 t_ms=410101 power=0.446 mean_i=127.34 mean_q=127.33 pairs=90112
RF915 t_ms=410203 power=0.449 mean_i=127.34 mean_q=127.34 pairs=98304
RF915 t_ms=410306 power=0.449 mean_i=127.34 mean_q=127.34 pairs=98304
RF915 t_ms=410400 power=0.449 mean_i=127.34 mean_q=127.34 pairs=90112
RF915 t_ms=410502 power=0.450 mean_i=127.34 mean_q=127.34 pairs=98304
RF915 t_ms=410604 power=0.449 mean_i=127.34 mean_q=127.34 pairs=98304
RF915 t_ms=410707 power=0.448 mean_i=127.34 mean_q=127.34 pairs=98304
RF915 t_ms=410801 power=0.450 mean_i=127.34 mean_q=127.34 pairs=90112
RF915 t_ms=410903 power=0.448 mean_i=127.34 mean_q=127.34 pairs=98304
RF915 t_ms=411005 power=0.449 mean_i=127.34 mean_q=127.34 pairs=98304
RF915 t_ms=411108 power=0.449 mean_i=127.34 mean_q=127.34 pairs=98304
RF915 t_ms=411202 power=0.450 mean_i=127.34 mean_q=127.34 pairs=90112
RF915 t_ms=411304 power=0.448 mean_i=127.34 mean_q=127.34 pairs=98304
RF915 t_ms=411407 power=0.450 mean_i=127.34 mean_q=127.34 pairs=98304
RF915 t_ms=411500 power=0.448 mean_i=127.33 mean_q=127.34 pairs=90112
RF915 t_ms=411603 power=0.450 mean_i=127.34 mean_q=127.34 pairs=98304
RF915 t_ms=411705 power=0.449 mean_i=127.34 mean_q=127.34 pairs=98304
RF915 t_ms=411808 power=0.449 mean_i=127.34 mean_q=127.34 pairs=98304
RF915 t_ms=411902 power=0.447 mean_i=127.34 mean_q=127.33 pairs=90112
RF915 t_ms=412004 power=0.449 mean_i=127.34 mean_q=127.34 pairs=98304
RF915 t_ms=412106 power=0.449 mean_i=127.34 mean_q=127.34 pairs=98304
RF915 t_ms=412200 power=0.449 mean_i=127.34 mean_q=127.34 pairs=90112
RF915 t_ms=412303 power=0.449 mean_i=127.34 mean_q=127.34 pairs=98304
RF915 t_ms=412405 power=0.449 mean_i=127.34 mean_q=127.34 pairs=98304
RF915 t_ms=412507 power=0.449 mean_i=127.34 mean_q=127.34 pairs=98304
RF915 t_ms=412601 power=0.449 mean_i=127.34 mean_q=127.34 pairs=90112
RF915 t_ms=412704 power=0.449 mean_i=127.34 mean_q=127.34 pairs=98304
RF915 t_ms=412806 power=0.450 mean_i=127.34 mean_q=127.34 pairs=98304
RF915 t_ms=412900 power=0.449 mean_i=127.34 mean_q=127.34 pairs=90112
RF915 t_ms=413002 power=0.448 mean_i=127.34 mean_q=127.34 pairs=98304
RF915 t_ms=413105 power=0.450 mean_i=127.34 mean_q=127.34 pairs=98304
RF915 t_ms=413207 power=0.449 mean_i=127.34 mean_q=127.34 pairs=98304
RF915 t_ms=413301 power=0.449 mean_i=127.34 mean_q=127.34 pairs=90112
RF915 t_ms=413403 power=0.449 mean_i=127.34 mean_q=127.34 pairs=98304
RF915 t_ms=413506 power=0.450 mean_i=127.34 mean_q=127.34 pairs=98304
RF915 t_ms=413600 power=0.448 mean_i=127.34 mean_q=127.34 pairs=90112
RF915 t_ms=413702 power=0.449 mean_i=127.34 mean_q=127.34 pairs=98304
RF915 t_ms=413805 power=0.449 mean_i=127.34 mean_q=127.34 pairs=98304
RF915 t_ms=413907 power=0.450 mean_i=127.34 mean_q=127.34 pairs=98304
RF915 t_ms=414001 power=0.450 mean_i=127.34 mean_q=127.34 pairs=90112
RF915 t_ms=414103 power=0.448 mean_i=127.34 mean_q=127.33 pairs=98304
RF915 t_ms=414206 power=0.449 mean_i=127.34 mean_q=127.34 pairs=98304
RF915 t_ms=414308 power=0.449 mean_i=127.34 mean_q=127.34 pairs=98304
RF915 t_ms=414402 power=0.450 mean_i=127.34 mean_q=127.34 pairs=90112
RF915 t_ms=414504 power=0.448 mean_i=127.34 mean_q=127.34 pairs=98304
RF915 t_ms=414607 power=0.448 mean_i=127.34 mean_q=127.34 pairs=98304
RF915 t_ms=414700 power=0.449 mean_i=127.34 mean_q=127.34 pairs=90112
RF915 t_ms=414803 power=0.449 mean_i=127.34 mean_q=127.34 pairs=98304
RF915 t_ms=414905 power=0.447 mean_i=127.33 mean_q=127.34 pairs=98304
RF915 t_ms=415008 power=0.448 mean_i=127.34 mean_q=127.34 pairs=98304
RF915 t_ms=415102 power=0.449 mean_i=127.34 mean_q=127.34 pairs=90112
RF915 t_ms=415204 power=0.450 mean_i=127.34 mean_q=127.34 pairs=98304
RF915 t_ms=415306 power=0.449 mean_i=127.34 mean_q=127.34 pairs=98304
RF915 t_ms=415400 power=0.448 mean_i=127.34 mean_q=127.34 pairs=90112
RF915 t_ms=415503 power=0.448 mean_i=127.34 mean_q=127.34 pairs=98304
RF915 t_ms=415605 power=0.449 mean_i=127.34 mean_q=127.34 pairs=98304
RF915 t_ms=415707 power=0.450 mean_i=127.34 mean_q=127.34 pairs=98304
RF915 t_ms=415801 power=0.450 mean_i=127.34 mean_q=127.34 pairs=90112
RF915 t_ms=415904 power=0.449 mean_i=127.34 mean_q=127.34 pairs=98304
RF915 t_ms=416006 power=0.448 mean_i=127.34 mean_q=127.34 pairs=98304
RF915 t_ms=416100 power=0.449 mean_i=127.34 mean_q=127.34 pairs=90112
RF915 t_ms=416202 power=0.450 mean_i=127.34 mean_q=127.34 pairs=98304
RF915 t_ms=416305 power=0.449 mean_i=127.34 mean_q=127.34 pairs=98304
RF915 t_ms=416407 power=0.447 mean_i=127.34 mean_q=127.34 pairs=98304
RF915 t_ms=416501 power=0.449 mean_i=127.34 mean_q=127.34 pairs=90112
RF915 t_ms=416604 power=0.448 mean_i=127.34 mean_q=127.34 pairs=98304
RF915 t_ms=416706 power=0.448 mean_i=127.34 mean_q=127.34 pairs=98304
RF915 t_ms=416800 power=0.449 mean_i=127.34 mean_q=127.34 pairs=90112
RF915 t_ms=416902 power=0.449 mean_i=127.34 mean_q=127.34 pairs=98304
RF915 t_ms=417005 power=0.449 mean_i=127.34 mean_q=127.34 pairs=98304
RF915 t_ms=417107 power=0.450 mean_i=127.34 mean_q=127.34 pairs=98304
RF915 t_ms=417201 power=0.448 mean_i=127.34 mean_q=127.34 pairs=90112
RF915 t_ms=417303 power=0.449 mean_i=127.34 mean_q=127.34 pairs=98304
RF915 t_ms=417406 power=0.448 mean_i=127.34 mean_q=127.34 pairs=98304
RF915 t_ms=417500 power=0.449 mean_i=127.34 mean_q=127.34 pairs=90112
RF915 t_ms=417602 power=0.449 mean_i=127.34 mean_q=127.34 pairs=98304
RF915 t_ms=417704 power=0.449 mean_i=127.34 mean_q=127.34 pairs=98304
RF915 t_ms=417807 power=0.449 mean_i=127.34 mean_q=127.34 pairs=98304
RF915 t_ms=417901 power=0.449 mean_i=127.34 mean_q=127.34 pairs=90112
RF915 t_ms=418003 power=0.450 mean_i=127.34 mean_q=127.34 pairs=98304
RF915 t_ms=418105 power=0.449 mean_i=127.34 mean_q=127.34 pairs=98304
RF915 t_ms=418208 power=0.449 mean_i=127.34 mean_q=127.34 pairs=98304
RF915 t_ms=418302 power=0.449 mean_i=127.34 mean_q=127.34 pairs=90112
RF915 t_ms=418404 power=0.448 mean_i=127.34 mean_q=127.34 pairs=98304
RF915 t_ms=418506 power=0.450 mean_i=127.34 mean_q=127.34 pairs=98304
RF915 t_ms=418600 power=0.449 mean_i=127.34 mean_q=127.34 pairs=90112
RF915 t_ms=418703 power=0.449 mean_i=127.34 mean_q=127.34 pairs=98304
RF915 t_ms=418805 power=0.450 mean_i=127.34 mean_q=127.34 pairs=98304
RF915 t_ms=418908 power=0.450 mean_i=127.34 mean_q=127.34 pairs=98304
RF915 t_ms=419001 power=0.449 mean_i=127.34 mean_q=127.34 pairs=90112
RF915 t_ms=419104 power=0.447 mean_i=127.34 mean_q=127.34 pairs=98304
RF915 t_ms=419206 power=0.449 mean_i=127.34 mean_q=127.34 pairs=98304
RF915 t_ms=419300 power=0.449 mean_i=127.34 mean_q=127.34 pairs=90112
RF915 t_ms=419403 power=0.449 mean_i=127.34 mean_q=127.34 pairs=98304
RF915 t_ms=419505 power=0.449 mean_i=127.34 mean_q=127.34 pairs=98304
RF915 t_ms=419607 power=0.447 mean_i=127.34 mean_q=127.34 pairs=98304
RF915 t_ms=419701 power=0.448 mean_i=127.34 mean_q=127.34 pairs=90112
RF915 t_ms=419804 power=0.449 mean_i=127.34 mean_q=127.34 pairs=98304
RF915 t_ms=419906 power=0.448 mean_i=127.34 mean_q=127.34 pairs=98304
RF915 t_ms=420000 power=0.449 mean_i=127.34 mean_q=127.34 pairs=90112
RF915 t_ms=420102 power=0.450 mean_i=127.34 mean_q=127.34 pairs=98304
RF915 t_ms=420205 power=0.449 mean_i=127.34 mean_q=127.34 pairs=98304
RF915 t_ms=420307 power=0.448 mean_i=127.34 mean_q=127.34 pairs=98304
RF915 t_ms=420401 power=0.449 mean_i=127.34 mean_q=127.34 pairs=90112
RF915 t_ms=420503 power=0.450 mean_i=127.34 mean_q=127.34 pairs=98304
RF915 t_ms=420606 power=0.450 mean_i=127.34 mean_q=127.34 pairs=98304
RF915 t_ms=420700 power=0.448 mean_i=127.34 mean_q=127.34 pairs=90112
RF915 t_ms=420802 power=0.449 mean_i=127.34 mean_q=127.34 pairs=98304
RF915 t_ms=420904 power=0.450 mean_i=127.34 mean_q=127.34 pairs=98304
RF915 t_ms=421007 power=0.447 mean_i=127.34 mean_q=127.34 pairs=98304
RF915 t_ms=421101 power=0.451 mean_i=127.34 mean_q=127.34 pairs=90112
RF915 t_ms=421203 power=0.450 mean_i=127.34 mean_q=127.34 pairs=98304
RF915 t_ms=421306 power=0.449 mean_i=127.34 mean_q=127.34 pairs=98304
RF915 t_ms=421408 power=0.449 mean_i=127.34 mean_q=127.34 pairs=98304
RF915 t_ms=421502 power=0.448 mean_i=127.34 mean_q=127.34 pairs=90112
RF915 t_ms=421604 power=0.449 mean_i=127.34 mean_q=127.34 pairs=98304
RF915 t_ms=421707 power=0.449 mean_i=127.34 mean_q=127.34 pairs=98304
RF915 t_ms=421800 power=0.449 mean_i=127.34 mean_q=127.34 pairs=90112
RF915 t_ms=421903 power=0.449 mean_i=127.34 mean_q=127.34 pairs=98304
RF915 t_ms=422005 power=0.449 mean_i=127.34 mean_q=127.34 pairs=98304
RF915 t_ms=422108 power=0.449 mean_i=127.34 mean_q=127.34 pairs=98304
RF915 t_ms=422201 power=0.450 mean_i=127.34 mean_q=127.34 pairs=90112
RF915 t_ms=422304 power=0.450 mean_i=127.34 mean_q=127.34 pairs=98304
RF915 t_ms=422406 power=0.449 mean_i=127.34 mean_q=127.34 pairs=98304
RF915 t_ms=422500 power=0.448 mean_i=127.34 mean_q=127.34 pairs=90112
RF915 t_ms=422603 power=0.449 mean_i=127.34 mean_q=127.34 pairs=98304
RF915 t_ms=422705 power=0.450 mean_i=127.34 mean_q=127.34 pairs=98304
RF915 t_ms=422807 power=0.449 mean_i=127.34 mean_q=127.34 pairs=98304
RF915 t_ms=422901 power=0.448 mean_i=127.34 mean_q=127.34 pairs=90112
RF915 t_ms=423004 power=0.449 mean_i=127.34 mean_q=127.34 pairs=98304
RF915 t_ms=423106 power=0.449 mean_i=127.34 mean_q=127.34 pairs=98304
RF915 t_ms=423200 power=0.450 mean_i=127.34 mean_q=127.34 pairs=90112
RF915 t_ms=423302 power=0.448 mean_i=127.34 mean_q=127.34 pairs=98304
RF915 t_ms=423405 power=0.448 mean_i=127.34 mean_q=127.34 pairs=98304
RF915 t_ms=423507 power=0.449 mean_i=127.34 mean_q=127.34 pairs=98304
RF915 t_ms=423601 power=0.449 mean_i=127.34 mean_q=127.34 pairs=90112
RF915 t_ms=423703 power=0.448 mean_i=127.34 mean_q=127.34 pairs=98304
RF915 t_ms=423806 power=0.449 mean_i=127.34 mean_q=127.34 pairs=98304
RF915 t_ms=423900 power=0.450 mean_i=127.34 mean_q=127.34 pairs=90112
RF915 t_ms=424002 power=0.449 mean_i=127.34 mean_q=127.34 pairs=98304
RF915 t_ms=424105 power=0.449 mean_i=127.34 mean_q=127.34 pairs=98304
RF915 t_ms=424207 power=0.449 mean_i=127.34 mean_q=127.34 pairs=98304
RF915 t_ms=424301 power=0.449 mean_i=127.34 mean_q=127.34 pairs=90112
RF915 t_ms=424403 power=0.449 mean_i=127.34 mean_q=127.34 pairs=98304
RF915 t_ms=424506 power=0.450 mean_i=127.34 mean_q=127.34 pairs=98304
RF915 t_ms=424608 power=0.449 mean_i=127.34 mean_q=127.34 pairs=98304
RF915 t_ms=424702 power=0.449 mean_i=127.34 mean_q=127.34 pairs=90112
RF915 t_ms=424804 power=0.450 mean_i=127.34 mean_q=127.34 pairs=98304
RF915 t_ms=424907 power=0.448 mean_i=127.34 mean_q=127.34 pairs=98304
RF915 t_ms=425001 power=0.448 mean_i=127.34 mean_q=127.34 pairs=90112
RF915 t_ms=425103 power=0.449 mean_i=127.34 mean_q=127.34 pairs=98304
RF915 t_ms=425205 power=0.449 mean_i=127.34 mean_q=127.34 pairs=98304
RF915 t_ms=425308 power=0.448 mean_i=127.34 mean_q=127.34 pairs=98304
RF915 t_ms=425402 power=0.448 mean_i=127.34 mean_q=127.34 pairs=90112
RF915 t_ms=425504 power=0.448 mean_i=127.34 mean_q=127.34 pairs=98304
RF915 t_ms=425606 power=0.448 mean_i=127.33 mean_q=127.34 pairs=98304
RF915 t_ms=425700 power=0.449 mean_i=127.34 mean_q=127.34 pairs=90112
RF915 t_ms=425803 power=0.450 mean_i=127.34 mean_q=127.34 pairs=98304
RF915 t_ms=425905 power=0.447 mean_i=127.34 mean_q=127.34 pairs=98304
RF915 t_ms=426007 power=0.448 mean_i=127.34 mean_q=127.34 pairs=98304
RF915 t_ms=426101 power=0.450 mean_i=127.34 mean_q=127.34 pairs=90112
RF915 t_ms=426204 power=0.450 mean_i=127.34 mean_q=127.34 pairs=98304
RF915 t_ms=426306 power=0.449 mean_i=127.34 mean_q=127.34 pairs=98304
RF915 t_ms=426400 power=0.450 mean_i=127.34 mean_q=127.34 pairs=90112
RF915 t_ms=426502 power=0.449 mean_i=127.34 mean_q=127.34 pairs=98304
RF915 t_ms=426605 power=0.449 mean_i=127.34 mean_q=127.34 pairs=98304
RF915 t_ms=426707 power=0.449 mean_i=127.34 mean_q=127.34 pairs=98304
RF915 t_ms=426801 power=0.449 mean_i=127.34 mean_q=127.34 pairs=90112
RF915 t_ms=426903 power=0.448 mean_i=127.34 mean_q=127.34 pairs=98304
RF915 t_ms=427006 power=0.448 mean_i=127.34 mean_q=127.34 pairs=98304
RF915 t_ms=427100 power=0.450 mean_i=127.34 mean_q=127.34 pairs=90112
RF915 t_ms=427202 power=0.448 mean_i=127.33 mean_q=127.34 pairs=98304
RF915 t_ms=427305 power=0.448 mean_i=127.34 mean_q=127.34 pairs=98304
RF915 t_ms=427407 power=0.449 mean_i=127.34 mean_q=127.34 pairs=98304
RF915 t_ms=427501 power=0.449 mean_i=127.34 mean_q=127.34 pairs=90112
RF915 t_ms=427603 power=0.448 mean_i=127.34 mean_q=127.34 pairs=98304
RF915 t_ms=427706 power=0.449 mean_i=127.34 mean_q=127.34 pairs=98304
RF915 t_ms=427800 power=0.448 mean_i=127.34 mean_q=127.34 pairs=90112
RF915 t_ms=427902 power=0.448 mean_i=127.34 mean_q=127.34 pairs=98304
RF915 t_ms=428004 power=0.449 mean_i=127.34 mean_q=127.34 pairs=98304
RF915 t_ms=428107 power=0.449 mean_i=127.34 mean_q=127.34 pairs=98304
RF915 t_ms=428201 power=0.449 mean_i=127.34 mean_q=127.34 pairs=90112
RF915 t_ms=428303 power=0.448 mean_i=127.34 mean_q=127.34 pairs=98304
RF915 t_ms=428405 power=0.449 mean_i=127.34 mean_q=127.34 pairs=98304
RF915 t_ms=428508 power=0.450 mean_i=127.34 mean_q=127.34 pairs=98304
RF915 t_ms=428602 power=0.450 mean_i=127.34 mean_q=127.34 pairs=90112
RF915 t_ms=428704 power=0.449 mean_i=127.34 mean_q=127.34 pairs=98304
RF915 t_ms=428807 power=0.449 mean_i=127.34 mean_q=127.34 pairs=98304
RF915 t_ms=428900 power=0.448 mean_i=127.34 mean_q=127.34 pairs=90112
RF915 t_ms=429003 power=0.451 mean_i=127.34 mean_q=127.34 pairs=98304
RF915 t_ms=429105 power=0.448 mean_i=127.34 mean_q=127.34 pairs=98304
RF915 t_ms=429208 power=0.448 mean_i=127.34 mean_q=127.34 pairs=98304
RF915 t_ms=429301 power=0.449 mean_i=127.34 mean_q=127.34 pairs=90112
RF915 t_ms=429404 power=940.342 mean_i=127.53 mean_q=127.36 pairs=98304
RF915 t_ms=429506 power=3971.399 mean_i=127.36 mean_q=127.44 pairs=98304
RF915 t_ms=429600 power=3281.275 mean_i=127.36 mean_q=127.38 pairs=90112
RF915 t_ms=429702 power=3175.070 mean_i=127.19 mean_q=127.34 pairs=98304
RF915 t_ms=429805 power=3698.085 mean_i=127.98 mean_q=127.28 pairs=98304
RF915 t_ms=429907 power=3810.527 mean_i=126.85 mean_q=127.28 pairs=98304
RF915 t_ms=430001 power=3911.139 mean_i=127.15 mean_q=127.14 pairs=90112
RF915 t_ms=430104 power=3930.458 mean_i=127.03 mean_q=126.93 pairs=98304
RF915 t_ms=430206 power=4070.986 mean_i=127.44 mean_q=127.57 pairs=98304
RF915 t_ms=430300 power=4161.177 mean_i=127.20 mean_q=127.37 pairs=90112
RF915 t_ms=430402 power=4110.551 mean_i=127.15 mean_q=127.93 pairs=98304
RF915 t_ms=430505 power=2711.844 mean_i=127.28 mean_q=127.23 pairs=98304
RF915 t_ms=430607 power=0.448 mean_i=127.34 mean_q=127.34 pairs=98304
RF915 t_ms=430701 power=0.449 mean_i=127.34 mean_q=127.34 pairs=90112
RF915 t_ms=430803 power=0.448 mean_i=127.34 mean_q=127.34 pairs=98304
RF915 t_ms=430906 power=0.449 mean_i=127.34 mean_q=127.34 pairs=98304
RF915 t_ms=431000 power=0.448 mean_i=127.34 mean_q=127.34 pairs=90112
RF915 t_ms=431102 power=0.450 mean_i=127.34 mean_q=127.34 pairs=98304
RF915 t_ms=431204 power=0.449 mean_i=127.34 mean_q=127.34 pairs=98304
RF915 t_ms=431307 power=0.449 mean_i=127.34 mean_q=127.34 pairs=98304
RF915 t_ms=431401 power=0.450 mean_i=127.34 mean_q=127.34 pairs=90112
RF915 t_ms=431503 power=0.449 mean_i=127.34 mean_q=127.34 pairs=98304
RF915 t_ms=431606 power=0.449 mean_i=127.34 mean_q=127.34 pairs=98304
RF915 t_ms=431708 power=0.449 mean_i=127.34 mean_q=127.34 pairs=98304
RF915 t_ms=431802 power=0.449 mean_i=127.34 mean_q=127.34 pairs=90112
RF915 t_ms=431904 power=0.449 mean_i=127.34 mean_q=127.34 pairs=98304
RF915 t_ms=432007 power=0.449 mean_i=127.34 mean_q=127.34 pairs=98304
RF915 t_ms=432100 power=0.449 mean_i=127.34 mean_q=127.34 pairs=90112
RF915 t_ms=432203 power=0.448 mean_i=127.34 mean_q=127.34 pairs=98304
RF915 t_ms=432305 power=0.449 mean_i=127.34 mean_q=127.34 pairs=98304
RF915 t_ms=432408 power=0.449 mean_i=127.34 mean_q=127.34 pairs=98304
RF915 t_ms=432502 power=0.449 mean_i=127.34 mean_q=127.34 pairs=90112
RF915 t_ms=432604 power=0.448 mean_i=127.34 mean_q=127.34 pairs=98304
RF915 t_ms=432706 power=0.448 mean_i=127.34 mean_q=127.34 pairs=98304
RF915 t_ms=432800 power=0.448 mean_i=127.34 mean_q=127.34 pairs=90112
RF915 t_ms=432903 power=0.449 mean_i=127.34 mean_q=127.34 pairs=98304
RF915 t_ms=433005 power=0.448 mean_i=127.34 mean_q=127.34 pairs=98304
RF915 t_ms=433107 power=0.450 mean_i=127.34 mean_q=127.34 pairs=98304
RF915 t_ms=433201 power=0.449 mean_i=127.34 mean_q=127.34 pairs=90112
RF915 t_ms=433304 power=0.449 mean_i=127.34 mean_q=127.34 pairs=98304
RF915 t_ms=433406 power=0.450 mean_i=127.34 mean_q=127.34 pairs=98304
RF915 t_ms=433500 power=0.448 mean_i=127.34 mean_q=127.34 pairs=90112
RF915 t_ms=433602 power=0.450 mean_i=127.34 mean_q=127.34 pairs=98304
RF915 t_ms=433705 power=0.450 mean_i=127.34 mean_q=127.34 pairs=98304
RF915 t_ms=433807 power=0.449 mean_i=127.34 mean_q=127.34 pairs=98304
RF915 t_ms=433901 power=0.449 mean_i=127.34 mean_q=127.34 pairs=90112
RF915 t_ms=434003 power=0.448 mean_i=127.34 mean_q=127.34 pairs=98304
RF915 t_ms=434106 power=0.448 mean_i=127.34 mean_q=127.34 pairs=98304
RF915 t_ms=434200 power=0.450 mean_i=127.34 mean_q=127.34 pairs=90112
RF915 t_ms=434302 power=0.450 mean_i=127.34 mean_q=127.34 pairs=98304
RF915 t_ms=434404 power=0.447 mean_i=127.33 mean_q=127.34 pairs=98304
RF915 t_ms=434507 power=0.448 mean_i=127.34 mean_q=127.34 pairs=98304
RF915 t_ms=434601 power=0.450 mean_i=127.34 mean_q=127.34 pairs=90112
RF915 t_ms=434703 power=0.449 mean_i=127.34 mean_q=127.34 pairs=98304
RF915 t_ms=434806 power=0.448 mean_i=127.33 mean_q=127.34 pairs=98304
RF915 t_ms=434908 power=0.449 mean_i=127.34 mean_q=127.34 pairs=98304
RF915 t_ms=435002 power=0.450 mean_i=127.34 mean_q=127.34 pairs=90112
RF915 t_ms=435104 power=0.448 mean_i=127.34 mean_q=127.34 pairs=98304
RF915 t_ms=435207 power=0.451 mean_i=127.34 mean_q=127.34 pairs=98304
RF915 t_ms=435301 power=0.448 mean_i=127.34 mean_q=127.34 pairs=90112
RF915 t_ms=435403 power=0.449 mean_i=127.34 mean_q=127.34 pairs=98304
RF915 t_ms=435505 power=0.449 mean_i=127.34 mean_q=127.34 pairs=98304
RF915 t_ms=435608 power=0.449 mean_i=127.34 mean_q=127.34 pairs=98304
RF915 t_ms=435702 power=0.449 mean_i=127.34 mean_q=127.34 pairs=90112
RF915 t_ms=435804 power=0.449 mean_i=127.34 mean_q=127.34 pairs=98304
RF915 t_ms=435906 power=0.450 mean_i=127.34 mean_q=127.34 pairs=98304
RF915 t_ms=436000 power=0.450 mean_i=127.34 mean_q=127.34 pairs=90112
RF915 t_ms=436103 power=0.449 mean_i=127.34 mean_q=127.34 pairs=98304
RF915 t_ms=436205 power=0.450 mean_i=127.34 mean_q=127.34 pairs=98304
RF915 t_ms=436307 power=0.450 mean_i=127.34 mean_q=127.34 pairs=98304
RF915 t_ms=436401 power=0.449 mean_i=127.34 mean_q=127.34 pairs=90112
RF915 t_ms=436504 power=0.448 mean_i=127.34 mean_q=127.34 pairs=98304
RF915 t_ms=436606 power=0.449 mean_i=127.34 mean_q=127.34 pairs=98304
RF915 t_ms=436700 power=0.448 mean_i=127.34 mean_q=127.34 pairs=90112
RF915 t_ms=436802 power=0.448 mean_i=127.34 mean_q=127.34 pairs=98304
RF915 t_ms=436905 power=0.450 mean_i=127.34 mean_q=127.34 pairs=98304
RF915 t_ms=437007 power=0.448 mean_i=127.34 mean_q=127.34 pairs=98304
RF915 t_ms=437101 power=0.448 mean_i=127.34 mean_q=127.34 pairs=90112
RF915 t_ms=437203 power=0.450 mean_i=127.34 mean_q=127.34 pairs=98304
RF915 t_ms=437306 power=0.449 mean_i=127.34 mean_q=127.34 pairs=98304
RF915 t_ms=437400 power=0.450 mean_i=127.34 mean_q=127.34 pairs=90112
RF915 t_ms=437502 power=0.449 mean_i=127.34 mean_q=127.34 pairs=98304
RF915 t_ms=437605 power=0.449 mean_i=127.34 mean_q=127.34 pairs=98304
RF915 t_ms=437707 power=0.448 mean_i=127.34 mean_q=127.34 pairs=98304
RF915 t_ms=437801 power=0.450 mean_i=127.34 mean_q=127.34 pairs=90112
RF915 t_ms=437903 power=0.449 mean_i=127.34 mean_q=127.34 pairs=98304
RF915 t_ms=438006 power=0.448 mean_i=127.34 mean_q=127.34 pairs=98304
RF915 t_ms=438100 power=0.450 mean_i=127.34 mean_q=127.34 pairs=90112
RF915 t_ms=438202 power=0.450 mean_i=127.34 mean_q=127.34 pairs=98304
RF915 t_ms=438304 power=0.449 mean_i=127.34 mean_q=127.34 pairs=98304
RF915 t_ms=438407 power=0.450 mean_i=127.34 mean_q=127.34 pairs=98304
RF915 t_ms=438501 power=0.449 mean_i=127.34 mean_q=127.34 pairs=90112
RF915 t_ms=438603 power=0.450 mean_i=127.34 mean_q=127.34 pairs=98304
RF915 t_ms=438705 power=0.449 mean_i=127.34 mean_q=127.34 pairs=98304
RF915 t_ms=438808 power=0.450 mean_i=127.34 mean_q=127.34 pairs=98304
RF915 t_ms=438902 power=0.449 mean_i=127.34 mean_q=127.34 pairs=90112
RF915 t_ms=439004 power=0.448 mean_i=127.34 mean_q=127.34 pairs=98304
RF915 t_ms=439106 power=0.449 mean_i=127.34 mean_q=127.34 pairs=98304
RF915 t_ms=439200 power=0.448 mean_i=127.34 mean_q=127.34 pairs=90112
RF915 t_ms=439303 power=0.448 mean_i=127.34 mean_q=127.34 pairs=98304
RF915 t_ms=439405 power=0.448 mean_i=127.34 mean_q=127.34 pairs=98304
RF915 t_ms=439508 power=0.448 mean_i=127.34 mean_q=127.34 pairs=98304
RF915 t_ms=439601 power=0.447 mean_i=127.34 mean_q=127.34 pairs=90112
RF915 t_ms=439704 power=0.448 mean_i=127.34 mean_q=127.34 pairs=98304
RF915 t_ms=439806 power=0.448 mean_i=127.34 mean_q=127.34 pairs=98304
RF915 t_ms=439900 power=0.449 mean_i=127.34 mean_q=127.34 pairs=90112
RF915 t_ms=440002 power=0.448 mean_i=127.34 mean_q=127.34 pairs=98304
RF915 t_ms=440105 power=0.447 mean_i=127.34 mean_q=127.34 pairs=98304
RF915 t_ms=440207 power=0.451 mean_i=127.34 mean_q=127.34 pairs=98304
RF915 t_ms=440301 power=0.447 mean_i=127.34 mean_q=127.33 pairs=90112
RF915 t_ms=440404 power=0.449 mean_i=127.34 mean_q=127.34 pairs=98304
RF915 t_ms=440506 power=0.450 mean_i=127.34 mean_q=127.34 pairs=98304
RF915 t_ms=440600 power=0.450 mean_i=127.34 mean_q=127.34 pairs=90112
RF915 t_ms=440702 power=0.448 mean_i=127.34 mean_q=127.34 pairs=98304
RF915 t_ms=440805 power=0.449 mean_i=127.34 mean_q=127.34 pairs=98304
RF915 t_ms=440907 power=0.448 mean_i=127.34 mean_q=127.34 pairs=98304
RF915 t_ms=441001 power=0.448 mean_i=127.34 mean_q=127.34 pairs=90112
RF915 t_ms=441103 power=0.450 mean_i=127.34 mean_q=127.34 pairs=98304
RF915 t_ms=441206 power=0.448 mean_i=127.34 mean_q=127.34 pairs=98304
RF915 t_ms=441300 power=0.449 mean_i=127.34 mean_q=127.34 pairs=90112
RF915 t_ms=441402 power=0.449 mean_i=127.34 mean_q=127.34 pairs=98304
RF915 t_ms=441504 power=0.449 mean_i=127.34 mean_q=127.34 pairs=98304
RF915 t_ms=441607 power=0.448 mean_i=127.34 mean_q=127.34 pairs=98304
RF915 t_ms=441701 power=0.449 mean_i=127.33 mean_q=127.34 pairs=90112
RF915 t_ms=441803 power=0.450 mean_i=127.34 mean_q=127.34 pairs=98304
RF915 t_ms=441905 power=0.449 mean_i=127.34 mean_q=127.34 pairs=98304
RF915 t_ms=442008 power=0.448 mean_i=127.34 mean_q=127.34 pairs=98304
RF915 t_ms=442102 power=0.447 mean_i=127.34 mean_q=127.33 pairs=90112
RF915 t_ms=442204 power=0.450 mean_i=127.34 mean_q=127.34 pairs=98304
RF915 t_ms=442307 power=0.449 mean_i=127.34 mean_q=127.34 pairs=98304
RF915 t_ms=442400 power=0.449 mean_i=127.34 mean_q=127.34 pairs=90112
RF915 t_ms=442503 power=0.449 mean_i=127.34 mean_q=127.34 pairs=98304
RF915 t_ms=442605 power=0.449 mean_i=127.34 mean_q=127.34 pairs=98304
RF915 t_ms=442708 power=0.450 mean_i=127.34 mean_q=127.34 pairs=98304
RF915 t_ms=442802 power=0.449 mean_i=127.34 mean_q=127.34 pairs=90112
RF915 t_ms=442904 power=0.449 mean_i=127.34 mean_q=127.34 pairs=98304
RF915 t_ms=443006 power=0.450 mean_i=127.34 mean_q=127.34 pairs=98304
RF915 t_ms=443100 power=0.449 mean_i=127.34 mean_q=127.34 pairs=90112
RF915 t_ms=443203 power=0.449 mean_i=127.34 mean_q=127.34 pairs=98304
RF915 t_ms=443305 power=0.449 mean_i=127.34 mean_q=127.34 pairs=98304
RF915 t_ms=443407 power=0.448 mean_i=127.34 mean_q=127.34 pairs=98304
RF915 t_ms=443501 power=0.448 mean_i=127.34 mean_q=127.34 pairs=90112
RF915 t_ms=443604 power=0.448 mean_i=127.34 mean_q=127.34 pairs=98304
RF915 t_ms=443706 power=0.450 mean_i=127.34 mean_q=127.34 pairs=98304
RF915 t_ms=443800 power=0.448 mean_i=127.34 mean_q=127.34 pairs=90112
RF915 t_ms=443902 power=0.448 mean_i=127.34 mean_q=127.34 pairs=98304
RF915 t_ms=444005 power=0.449 mean_i=127.34 mean_q=127.34 pairs=98304
RF915 t_ms=444107 power=0.449 mean_i=127.34 mean_q=127.34 pairs=98304
RF915 t_ms=444201 power=0.448 mean_i=127.34 mean_q=127.34 pairs=90112
RF915 t_ms=444303 power=0.449 mean_i=127.34 mean_q=127.34 pairs=98304
RF915 t_ms=444406 power=0.448 mean_i=127.34 mean_q=127.34 pairs=98304
RF915 t_ms=444500 power=0.450 mean_i=127.34 mean_q=127.34 pairs=90112
RF915 t_ms=444602 power=0.449 mean_i=127.34 mean_q=127.34 pairs=98304
RF915 t_ms=444704 power=0.449 mean_i=127.34 mean_q=127.34 pairs=98304
RF915 t_ms=444807 power=0.449 mean_i=127.34 mean_q=127.34 pairs=98304
RF915 t_ms=444901 power=0.449 mean_i=127.34 mean_q=127.34 pairs=90112
RF915 t_ms=445003 power=0.447 mean_i=127.34 mean_q=127.33 pairs=98304
RF915 t_ms=445106 power=0.447 mean_i=127.34 mean_q=127.34 pairs=98304
RF915 t_ms=445208 power=0.448 mean_i=127.34 mean_q=127.34 pairs=98304
RF915 t_ms=445302 power=0.449 mean_i=127.34 mean_q=127.34 pairs=90112
RF915 t_ms=445404 power=0.450 mean_i=127.34 mean_q=127.34 pairs=98304
RF915 t_ms=445507 power=0.449 mean_i=127.34 mean_q=127.34 pairs=98304
RF915 t_ms=445601 power=0.447 mean_i=127.34 mean_q=127.33 pairs=90112
RF915 t_ms=445703 power=0.449 mean_i=127.34 mean_q=127.34 pairs=98304
RF915 t_ms=445805 power=0.448 mean_i=127.34 mean_q=127.34 pairs=98304
RF915 t_ms=445908 power=0.449 mean_i=127.34 mean_q=127.34 pairs=98304
RF915 t_ms=446002 power=0.448 mean_i=127.34 mean_q=127.34 pairs=90112
RF915 t_ms=446104 power=0.448 mean_i=127.34 mean_q=127.34 pairs=98304
RF915 t_ms=446206 power=0.448 mean_i=127.34 mean_q=127.34 pairs=98304
RF915 t_ms=446300 power=0.450 mean_i=127.34 mean_q=127.34 pairs=90112
RF915 t_ms=446403 power=0.448 mean_i=127.34 mean_q=127.34 pairs=98304
RF915 t_ms=446505 power=0.449 mean_i=127.34 mean_q=127.34 pairs=98304
RF915 t_ms=446607 power=0.448 mean_i=127.34 mean_q=127.34 pairs=98304
RF915 t_ms=446701 power=0.448 mean_i=127.34 mean_q=127.34 pairs=90112
RF915 t_ms=446804 power=0.449 mean_i=127.34 mean_q=127.34 pairs=98304
RF915 t_ms=446906 power=0.450 mean_i=127.34 mean_q=127.34 pairs=98304
RF915 t_ms=447000 power=0.448 mean_i=127.34 mean_q=127.33 pairs=90112
RF915 t_ms=447102 power=0.449 mean_i=127.34 mean_q=127.34 pairs=98304
RF915 t_ms=447205 power=0.449 mean_i=127.34 mean_q=127.34 pairs=98304
RF915 t_ms=447307 power=0.448 mean_i=127.34 mean_q=127.34 pairs=98304
RF915 t_ms=447401 power=0.448 mean_i=127.34 mean_q=127.34 pairs=90112
RF915 t_ms=447503 power=0.448 mean_i=127.34 mean_q=127.34 pairs=98304
RF915 t_ms=447606 power=0.450 mean_i=127.34 mean_q=127.34 pairs=98304
RF915 t_ms=447700 power=0.449 mean_i=127.34 mean_q=127.34 pairs=90112
RF915 t_ms=447802 power=0.449 mean_i=127.34 mean_q=127.34 pairs=98304
RF915 t_ms=447905 power=0.449 mean_i=127.34 mean_q=127.34 pairs=98304
RF915 t_ms=448007 power=0.449 mean_i=127.34 mean_q=127.34 pairs=98304
RF915 t_ms=448101 power=0.448 mean_i=127.34 mean_q=127.34 pairs=90112
RF915 t_ms=448203 power=0.449 mean_i=127.34 mean_q=127.34 pairs=98304
RF915 t_ms=448306 power=0.450 mean_i=127.34 mean_q=127.34 pairs=98304
RF915 t_ms=448400 power=0.448 mean_i=127.34 mean_q=127.34 pairs=90112
RF915 t_ms=448502 power=0.448 mean_i=127.34 mean_q=127.34 pairs=98304
RF915 t_ms=448604 power=0.448 mean_i=127.34 mean_q=127.34 pairs=98304
RF915 t_ms=448707 power=0.449 mean_i=127.34 mean_q=127.34 pairs=98304
RF915 t_ms=448801 power=0.448 mean_i=127.34 mean_q=127.34 pairs=90112
RF915 t_ms=448903 power=0.447 mean_i=127.34 mean_q=127.34 pairs=98304
RF915 t_ms=449005 power=0.448 mean_i=127.34 mean_q=127.34 pairs=98304
RF915 t_ms=449108 power=0.449 mean_i=127.34 mean_q=127.34 pairs=98304
RF915 t_ms=449202 power=0.448 mean_i=127.34 mean_q=127.34 pairs=90112
RF915 t_ms=449304 power=0.448 mean_i=127.34 mean_q=127.34 pairs=98304
RF915 t_ms=449406 power=0.450 mean_i=127.34 mean_q=127.34 pairs=98304
RF915 t_ms=449500 power=0.448 mean_i=127.34 mean_q=127.34 pairs=90112
RF915 t_ms=449603 power=0.448 mean_i=127.34 mean_q=127.34 pairs=98304
RF915 t_ms=449705 power=0.449 mean_i=127.34 mean_q=127.34 pairs=98304
RF915 t_ms=449808 power=0.450 mean_i=127.34 mean_q=127.34 pairs=98304
RF915 t_ms=449901 power=0.448 mean_i=127.34 mean_q=127.34 pairs=90112
RF915 t_ms=450004 power=0.449 mean_i=127.34 mean_q=127.34 pairs=98304
RF915 t_ms=450106 power=0.448 mean_i=127.34 mean_q=127.34 pairs=98304
RF915 t_ms=450200 power=0.448 mean_i=127.34 mean_q=127.34 pairs=90112
RF915 t_ms=450302 power=0.450 mean_i=127.34 mean_q=127.34 pairs=98304
RF915 t_ms=450405 power=0.449 mean_i=127.34 mean_q=127.34 pairs=98304
RF915 t_ms=450507 power=0.449 mean_i=127.34 mean_q=127.34 pairs=98304
RF915 t_ms=450601 power=0.446 mean_i=127.33 mean_q=127.33 pairs=90112
RF915 t_ms=450704 power=0.449 mean_i=127.34 mean_q=127.34 pairs=98304
RF915 t_ms=450806 power=0.448 mean_i=127.34 mean_q=127.34 pairs=98304
RF915 t_ms=450900 power=0.449 mean_i=127.34 mean_q=127.34 pairs=90112
RF915 t_ms=451002 power=0.447 mean_i=127.34 mean_q=127.34 pairs=98304
RF915 t_ms=451105 power=0.449 mean_i=127.34 mean_q=127.34 pairs=98304
RF915 t_ms=451207 power=0.447 mean_i=127.34 mean_q=127.33 pairs=98304
RF915 t_ms=451301 power=0.449 mean_i=127.34 mean_q=127.34 pairs=90112
RF915 t_ms=451403 power=0.450 mean_i=127.34 mean_q=127.34 pairs=98304
RF915 t_ms=451506 power=0.448 mean_i=127.34 mean_q=127.34 pairs=98304
RF915 t_ms=451600 power=0.449 mean_i=127.34 mean_q=127.34 pairs=90112
RF915 t_ms=451702 power=0.448 mean_i=127.34 mean_q=127.34 pairs=98304
RF915 t_ms=451804 power=0.449 mean_i=127.34 mean_q=127.34 pairs=98304
RF915 t_ms=451907 power=0.449 mean_i=127.34 mean_q=127.34 pairs=98304
RF915 t_ms=452001 power=0.449 mean_i=127.34 mean_q=127.34 pairs=90112
RF915 t_ms=452103 power=0.448 mean_i=127.34 mean_q=127.34 pairs=98304
RF915 t_ms=452205 power=0.449 mean_i=127.34 mean_q=127.34 pairs=98304
RF915 t_ms=452308 power=0.447 mean_i=127.33 mean_q=127.34 pairs=98304
RF915 t_ms=452402 power=0.450 mean_i=127.34 mean_q=127.34 pairs=90112
RF915 t_ms=452504 power=0.449 mean_i=127.34 mean_q=127.34 pairs=98304
RF915 t_ms=452607 power=0.449 mean_i=127.34 mean_q=127.34 pairs=98304
RF915 t_ms=452700 power=0.448 mean_i=127.34 mean_q=127.34 pairs=90112
RF915 t_ms=452803 power=0.449 mean_i=127.34 mean_q=127.34 pairs=98304
RF915 t_ms=452905 power=0.448 mean_i=127.34 mean_q=127.34 pairs=98304
RF915 t_ms=453008 power=0.450 mean_i=127.34 mean_q=127.34 pairs=98304
RF915 t_ms=453102 power=0.448 mean_i=127.34 mean_q=127.34 pairs=90112
RF915 t_ms=453204 power=0.450 mean_i=127.34 mean_q=127.34 pairs=98304
RF915 t_ms=453306 power=0.449 mean_i=127.34 mean_q=127.34 pairs=98304
RF915 t_ms=453400 power=0.450 mean_i=127.34 mean_q=127.34 pairs=90112
RF915 t_ms=453503 power=0.448 mean_i=127.34 mean_q=127.34 pairs=98304
RF915 t_ms=453605 power=0.449 mean_i=127.34 mean_q=127.34 pairs=98304
RF915 t_ms=453707 power=0.449 mean_i=127.34 mean_q=127.34 pairs=98304
RF915 t_ms=453801 power=0.448 mean_i=127.34 mean_q=127.34 pairs=90112
RF915 t_ms=453904 power=0.449 mean_i=127.34 mean_q=127.34 pairs=98304
RF915 t_ms=454006 power=0.449 mean_i=127.34 mean_q=127.34 pairs=98304
RF915 t_ms=454100 power=0.450 mean_i=127.34 mean_q=127.34 pairs=90112
RF915 t_ms=454202 power=0.449 mean_i=127.34 mean_q=127.34 pairs=98304
RF915 t_ms=454305 power=0.449 mean_i=127.34 mean_q=127.34 pairs=98304
RF915 t_ms=454407 power=0.448 mean_i=127.34 mean_q=127.34 pairs=98304
RF915 t_ms=454501 power=0.448 mean_i=127.34 mean_q=127.34 pairs=90112
RF915 t_ms=454603 power=0.450 mean_i=127.34 mean_q=127.34 pairs=98304
RF915 t_ms=454706 power=0.450 mean_i=127.34 mean_q=127.34 pairs=98304
RF915 t_ms=454800 power=0.451 mean_i=127.34 mean_q=127.34 pairs=90112
RF915 t_ms=454902 power=0.450 mean_i=127.34 mean_q=127.34 pairs=98304
RF915 t_ms=455004 power=0.449 mean_i=127.34 mean_q=127.34 pairs=98304
RF915 t_ms=455107 power=0.449 mean_i=127.34 mean_q=127.34 pairs=98304
RF915 t_ms=455201 power=0.449 mean_i=127.34 mean_q=127.34 pairs=90112
RF915 t_ms=455303 power=0.449 mean_i=127.34 mean_q=127.34 pairs=98304
RF915 t_ms=455406 power=0.449 mean_i=127.34 mean_q=127.34 pairs=98304
RF915 t_ms=455508 power=0.449 mean_i=127.34 mean_q=127.34 pairs=98304
RF915 t_ms=455602 power=0.450 mean_i=127.34 mean_q=127.34 pairs=90112
RF915 t_ms=455704 power=0.450 mean_i=127.34 mean_q=127.34 pairs=98304
RF915 t_ms=455807 power=0.450 mean_i=127.34 mean_q=127.34 pairs=98304
RF915 t_ms=455901 power=0.447 mean_i=127.34 mean_q=127.33 pairs=90112
RF915 t_ms=456003 power=0.448 mean_i=127.34 mean_q=127.34 pairs=98304
RF915 t_ms=456105 power=0.449 mean_i=127.34 mean_q=127.34 pairs=98304
RF915 t_ms=456208 power=0.448 mean_i=127.34 mean_q=127.34 pairs=98304
RF915 t_ms=456302 power=0.450 mean_i=127.34 mean_q=127.34 pairs=90112
RF915 t_ms=456404 power=0.449 mean_i=127.34 mean_q=127.34 pairs=98304
RF915 t_ms=456506 power=0.448 mean_i=127.34 mean_q=127.34 pairs=98304
RF915 t_ms=456600 power=0.448 mean_i=127.34 mean_q=127.34 pairs=90112
RF915 t_ms=456703 power=0.450 mean_i=127.34 mean_q=127.34 pairs=98304
RF915 t_ms=456805 power=0.450 mean_i=127.34 mean_q=127.34 pairs=98304
RF915 t_ms=456907 power=0.449 mean_i=127.34 mean_q=127.34 pairs=98304
RF915 t_ms=457001 power=0.447 mean_i=127.33 mean_q=127.34 pairs=90112
RF915 t_ms=457104 power=0.448 mean_i=127.34 mean_q=127.34 pairs=98304
RF915 t_ms=457206 power=0.448 mean_i=127.34 mean_q=127.34 pairs=98304
RF915 t_ms=457300 power=0.450 mean_i=127.34 mean_q=127.34 pairs=90112
RF915 t_ms=457402 power=0.449 mean_i=127.34 mean_q=127.34 pairs=98304
RF915 t_ms=457505 power=0.450 mean_i=127.34 mean_q=127.34 pairs=98304
RF915 t_ms=457607 power=0.448 mean_i=127.34 mean_q=127.34 pairs=98304
RF915 t_ms=457701 power=0.448 mean_i=127.34 mean_q=127.34 pairs=90112
RF915 t_ms=457804 power=0.447 mean_i=127.34 mean_q=127.34 pairs=98304
RF915 t_ms=457906 power=0.448 mean_i=127.34 mean_q=127.34 pairs=98304
RF915 t_ms=458000 power=0.450 mean_i=127.34 mean_q=127.34 pairs=90112
RF915 t_ms=458102 power=0.449 mean_i=127.34 mean_q=127.34 pairs=98304
RF915 t_ms=458205 power=0.449 mean_i=127.34 mean_q=127.34 pairs=98304
RF915 t_ms=458307 power=0.448 mean_i=127.34 mean_q=127.34 pairs=98304
RF915 t_ms=458401 power=0.449 mean_i=127.34 mean_q=127.34 pairs=90112
RF915 t_ms=458503 power=0.448 mean_i=127.34 mean_q=127.34 pairs=98304
RF915 t_ms=458606 power=0.448 mean_i=127.34 mean_q=127.34 pairs=98304
RF915 t_ms=458708 power=0.449 mean_i=127.34 mean_q=127.34 pairs=98304
RF915 t_ms=458802 power=0.449 mean_i=127.34 mean_q=127.34 pairs=90112
RF915 t_ms=458904 power=0.450 mean_i=127.34 mean_q=127.34 pairs=98304
RF915 t_ms=459007 power=0.448 mean_i=127.34 mean_q=127.33 pairs=98304
RF915 t_ms=459101 power=0.449 mean_i=127.34 mean_q=127.34 pairs=90112
RF915 t_ms=459203 power=0.448 mean_i=127.34 mean_q=127.34 pairs=98304
RF915 t_ms=459305 power=0.449 mean_i=127.34 mean_q=127.34 pairs=98304
RF915 t_ms=459408 power=0.448 mean_i=127.34 mean_q=127.34 pairs=98304
RF915 t_ms=459502 power=0.448 mean_i=127.34 mean_q=127.34 pairs=90112
RF915 t_ms=459604 power=0.449 mean_i=127.34 mean_q=127.34 pairs=98304
RF915 t_ms=459706 power=0.448 mean_i=127.34 mean_q=127.34 pairs=98304
RF915 t_ms=459800 power=0.447 mean_i=127.34 mean_q=127.34 pairs=90112
RF915 t_ms=459903 power=0.448 mean_i=127.34 mean_q=127.34 pairs=98304
RF915 t_ms=460005 power=0.448 mean_i=127.34 mean_q=127.34 pairs=98304
RF915 t_ms=460108 power=0.449 mean_i=127.34 mean_q=127.34 pairs=98304
RF915 t_ms=460201 power=0.449 mean_i=127.34 mean_q=127.34 pairs=90112
RF915 t_ms=460304 power=0.450 mean_i=127.34 mean_q=127.34 pairs=98304
RF915 t_ms=460406 power=0.449 mean_i=127.34 mean_q=127.34 pairs=98304
RF915 t_ms=460500 power=0.448 mean_i=127.34 mean_q=127.34 pairs=90112
RF915 t_ms=460603 power=0.448 mean_i=127.34 mean_q=127.34 pairs=98304
RF915 t_ms=460705 power=0.448 mean_i=127.34 mean_q=127.34 pairs=98304
RF915 t_ms=460807 power=0.449 mean_i=127.34 mean_q=127.34 pairs=98304
RF915 t_ms=460901 power=0.448 mean_i=127.33 mean_q=127.34 pairs=90112
RF915 t_ms=461004 power=0.450 mean_i=127.34 mean_q=127.34 pairs=98304
RF915 t_ms=461106 power=0.449 mean_i=127.34 mean_q=127.34 pairs=98304
RF915 t_ms=461200 power=0.449 mean_i=127.34 mean_q=127.34 pairs=90112
RF915 t_ms=461302 power=0.449 mean_i=127.34 mean_q=127.34 pairs=98304
RF915 t_ms=461405 power=0.449 mean_i=127.34 mean_q=127.34 pairs=98304
RF915 t_ms=461507 power=0.449 mean_i=127.34 mean_q=127.34 pairs=98304
RF915 t_ms=461601 power=0.449 mean_i=127.34 mean_q=127.34 pairs=90112
RF915 t_ms=461703 power=0.450 mean_i=127.34 mean_q=127.34 pairs=98304
RF915 t_ms=461806 power=0.449 mean_i=127.34 mean_q=127.34 pairs=98304
RF915 t_ms=461900 power=0.450 mean_i=127.34 mean_q=127.34 pairs=90112
RF915 t_ms=462002 power=0.449 mean_i=127.34 mean_q=127.34 pairs=98304
RF915 t_ms=462104 power=0.450 mean_i=127.34 mean_q=127.34 pairs=98304
RF915 t_ms=462207 power=0.450 mean_i=127.34 mean_q=127.34 pairs=98304
RF915 t_ms=462301 power=0.450 mean_i=127.34 mean_q=127.34 pairs=90112
RF915 t_ms=462403 power=0.448 mean_i=127.34 mean_q=127.34 pairs=98304
RF915 t_ms=462505 power=0.449 mean_i=127.34 mean_q=127.34 pairs=98304
RF915 t_ms=462608 power=0.450 mean_i=127.34 mean_q=127.34 pairs=98304
RF915 t_ms=462702 power=0.449 mean_i=127.34 mean_q=127.34 pairs=90112
RF915 t_ms=462804 power=0.448 mean_i=127.34 mean_q=127.34 pairs=98304
RF915 t_ms=462907 power=0.448 mean_i=127.34 mean_q=127.33 pairs=98304
RF915 t_ms=463000 power=0.448 mean_i=127.34 mean_q=127.33 pairs=90112
RF915 t_ms=463103 power=0.449 mean_i=127.34 mean_q=127.34 pairs=98304
RF915 t_ms=463205 power=0.448 mean_i=127.34 mean_q=127.34 pairs=98304
RF915 t_ms=463308 power=0.448 mean_i=127.34 mean_q=127.34 pairs=98304
RF915 t_ms=463401 power=0.451 mean_i=127.34 mean_q=127.34 pairs=90112
RF915 t_ms=463504 power=0.449 mean_i=127.34 mean_q=127.34 pairs=98304
RF915 t_ms=463606 power=0.450 mean_i=127.34 mean_q=127.34 pairs=98304
RF915 t_ms=463700 power=0.448 mean_i=127.34 mean_q=127.34 pairs=90112
RF915 t_ms=463803 power=0.449 mean_i=127.34 mean_q=127.34 pairs=98304
RF915 t_ms=463905 power=0.449 mean_i=127.34 mean_q=127.34 pairs=98304
RF915 t_ms=464007 power=0.449 mean_i=127.34 mean_q=127.34 pairs=98304
RF915 t_ms=464101 power=0.449 mean_i=127.34 mean_q=127.34 pairs=90112
RF915 t_ms=464204 power=0.447 mean_i=127.34 mean_q=127.34 pairs=98304
RF915 t_ms=464306 power=0.451 mean_i=127.34 mean_q=127.34 pairs=98304
RF915 t_ms=464400 power=0.449 mean_i=127.34 mean_q=127.34 pairs=90112
RF915 t_ms=464502 power=0.448 mean_i=127.34 mean_q=127.34 pairs=98304
RF915 t_ms=464605 power=0.449 mean_i=127.34 mean_q=127.34 pairs=98304
RF915 t_ms=464707 power=0.450 mean_i=127.34 mean_q=127.34 pairs=98304
RF915 t_ms=464801 power=0.449 mean_i=127.34 mean_q=127.34 pairs=90112
RF915 t_ms=464903 power=0.450 mean_i=127.34 mean_q=127.34 pairs=98304
RF915 t_ms=465006 power=0.449 mean_i=127.34 mean_q=127.34 pairs=98304
RF915 t_ms=465100 power=0.448 mean_i=127.34 mean_q=127.34 pairs=90112
RF915 t_ms=465202 power=0.450 mean_i=127.34 mean_q=127.34 pairs=98304
RF915 t_ms=465304 power=0.449 mean_i=127.34 mean_q=127.34 pairs=98304
RF915 t_ms=465407 power=0.450 mean_i=127.34 mean_q=127.34 pairs=98304
RF915 t_ms=465501 power=0.449 mean_i=127.34 mean_q=127.34 pairs=90112
RF915 t_ms=465603 power=0.448 mean_i=127.33 mean_q=127.34 pairs=98304
RF915 t_ms=465706 power=0.448 mean_i=127.34 mean_q=127.34 pairs=98304
RF915 t_ms=465808 power=0.448 mean_i=127.34 mean_q=127.34 pairs=98304
RF915 t_ms=465902 power=0.449 mean_i=127.34 mean_q=127.34 pairs=90112
RF915 t_ms=466004 power=0.450 mean_i=127.34 mean_q=127.34 pairs=98304
RF915 t_ms=466107 power=0.449 mean_i=127.34 mean_q=127.34 pairs=98304
RF915 t_ms=466200 power=0.448 mean_i=127.34 mean_q=127.34 pairs=90112
RF915 t_ms=466303 power=0.449 mean_i=127.33 mean_q=127.34 pairs=98304
RF915 t_ms=466405 power=0.449 mean_i=127.34 mean_q=127.34 pairs=98304
RF915 t_ms=466508 power=0.449 mean_i=127.34 mean_q=127.34 pairs=98304
RF915 t_ms=466602 power=0.448 mean_i=127.34 mean_q=127.34 pairs=90112
RF915 t_ms=466704 power=0.450 mean_i=127.34 mean_q=127.34 pairs=98304
RF915 t_ms=466806 power=0.449 mean_i=127.34 mean_q=127.34 pairs=98304
RF915 t_ms=466900 power=0.448 mean_i=127.34 mean_q=127.34 pairs=90112
RF915 t_ms=467003 power=0.449 mean_i=127.34 mean_q=127.34 pairs=98304
RF915 t_ms=467105 power=0.449 mean_i=127.34 mean_q=127.34 pairs=98304
RF915 t_ms=467207 power=0.449 mean_i=127.34 mean_q=127.34 pairs=98304
RF915 t_ms=467301 power=0.450 mean_i=127.34 mean_q=127.34 pairs=90112
RF915 t_ms=467404 power=0.449 mean_i=127.34 mean_q=127.34 pairs=98304
RF915 t_ms=467506 power=0.451 mean_i=127.34 mean_q=127.34 pairs=98304
RF915 t_ms=467600 power=0.447 mean_i=127.34 mean_q=127.34 pairs=90112
RF915 t_ms=467702 power=0.449 mean_i=127.34 mean_q=127.34 pairs=98304
RF915 t_ms=467805 power=0.449 mean_i=127.34 mean_q=127.34 pairs=98304
RF915 t_ms=467907 power=0.448 mean_i=127.34 mean_q=127.34 pairs=98304
RF915 t_ms=468001 power=0.448 mean_i=127.34 mean_q=127.34 pairs=90112
RF915 t_ms=468104 power=0.449 mean_i=127.34 mean_q=127.34 pairs=98304
RF915 t_ms=468206 power=0.450 mean_i=127.34 mean_q=127.34 pairs=98304
RF915 t_ms=468300 power=0.449 mean_i=127.34 mean_q=127.34 pairs=90112
RF915 t_ms=468402 power=0.449 mean_i=127.34 mean_q=127.34 pairs=98304
RF915 t_ms=468505 power=0.449 mean_i=127.34 mean_q=127.34 pairs=98304
RF915 t_ms=468607 power=0.449 mean_i=127.34 mean_q=127.34 pairs=98304
RF915 t_ms=468701 power=0.448 mean_i=127.34 mean_q=127.34 pairs=90112
RF915 t_ms=468803 power=0.450 mean_i=127.34 mean_q=127.34 pairs=98304
RF915 t_ms=468906 power=0.448 mean_i=127.34 mean_q=127.34 pairs=98304
RF915 t_ms=469000 power=0.449 mean_i=127.34 mean_q=127.34 pairs=90112
RF915 t_ms=469102 power=0.449 mean_i=127.34 mean_q=127.34 pairs=98304
RF915 t_ms=469204 power=0.448 mean_i=127.34 mean_q=127.34 pairs=98304
RF915 t_ms=469307 power=0.448 mean_i=127.33 mean_q=127.34 pairs=98304
RF915 t_ms=469401 power=0.449 mean_i=127.34 mean_q=127.34 pairs=90112
RF915 t_ms=469503 power=0.449 mean_i=127.34 mean_q=127.34 pairs=98304
RF915 t_ms=469605 power=0.449 mean_i=127.34 mean_q=127.34 pairs=98304
RF915 t_ms=469708 power=0.449 mean_i=127.34 mean_q=127.34 pairs=98304
RF915 t_ms=469802 power=0.450 mean_i=127.34 mean_q=127.34 pairs=90112
RF915 t_ms=469904 power=0.450 mean_i=127.34 mean_q=127.34 pairs=98304
RF915 t_ms=470006 power=0.449 mean_i=127.34 mean_q=127.34 pairs=98304
RF915 t_ms=470100 power=0.450 mean_i=127.34 mean_q=127.34 pairs=90112
RF915 t_ms=470203 power=0.449 mean_i=127.34 mean_q=127.34 pairs=98304
RF915 t_ms=470305 power=0.450 mean_i=127.34 mean_q=127.34 pairs=98304
RF915 t_ms=470408 power=0.449 mean_i=127.34 mean_q=127.34 pairs=98304
RF915 t_ms=470501 power=0.448 mean_i=127.34 mean_q=127.34 pairs=90112
RF915 t_ms=470604 power=0.449 mean_i=127.34 mean_q=127.34 pairs=98304
RF915 t_ms=470706 power=0.449 mean_i=127.34 mean_q=127.34 pairs=98304
RF915 t_ms=470800 power=0.449 mean_i=127.34 mean_q=127.34 pairs=90112
RF915 t_ms=470902 power=0.449 mean_i=127.34 mean_q=127.34 pairs=98304
RF915 t_ms=471005 power=0.448 mean_i=127.34 mean_q=127.34 pairs=98304
RF915 t_ms=471107 power=0.449 mean_i=127.34 mean_q=127.34 pairs=98304
RF915 t_ms=471201 power=0.449 mean_i=127.34 mean_q=127.34 pairs=90112
RF915 t_ms=471304 power=0.450 mean_i=127.34 mean_q=127.34 pairs=98304
RF915 t_ms=471406 power=0.450 mean_i=127.34 mean_q=127.34 pairs=98304
RF915 t_ms=471500 power=0.447 mean_i=127.34 mean_q=127.34 pairs=90112
RF915 t_ms=471602 power=0.449 mean_i=127.34 mean_q=127.34 pairs=98304
RF915 t_ms=471705 power=0.449 mean_i=127.34 mean_q=127.34 pairs=98304
RF915 t_ms=471807 power=0.450 mean_i=127.34 mean_q=127.34 pairs=98304
RF915 t_ms=471901 power=0.449 mean_i=127.34 mean_q=127.34 pairs=90112
RF915 t_ms=472003 power=0.448 mean_i=127.34 mean_q=127.34 pairs=98304
RF915 t_ms=472106 power=0.449 mean_i=127.34 mean_q=127.34 pairs=98304
RF915 t_ms=472200 power=0.449 mean_i=127.34 mean_q=127.34 pairs=90112
RF915 t_ms=472302 power=0.449 mean_i=127.34 mean_q=127.34 pairs=98304
RF915 t_ms=472404 power=0.448 mean_i=127.34 mean_q=127.34 pairs=98304
RF915 t_ms=472507 power=0.449 mean_i=127.34 mean_q=127.34 pairs=98304
RF915 t_ms=472601 power=0.449 mean_i=127.34 mean_q=127.34 pairs=90112
RF915 t_ms=472703 power=0.449 mean_i=127.34 mean_q=127.34 pairs=98304
RF915 t_ms=472806 power=0.448 mean_i=127.34 mean_q=127.34 pairs=98304
RF915 t_ms=472908 power=0.448 mean_i=127.34 mean_q=127.34 pairs=98304
RF915 t_ms=473002 power=0.449 mean_i=127.34 mean_q=127.34 pairs=90112
RF915 t_ms=473104 power=0.450 mean_i=127.34 mean_q=127.34 pairs=98304
RF915 t_ms=473207 power=0.449 mean_i=127.34 mean_q=127.34 pairs=98304
RF915 t_ms=473300 power=0.450 mean_i=127.34 mean_q=127.34 pairs=90112
RF915 t_ms=473403 power=0.450 mean_i=127.34 mean_q=127.34 pairs=98304
RF915 t_ms=473505 power=0.449 mean_i=127.34 mean_q=127.34 pairs=98304
RF915 t_ms=473608 power=0.449 mean_i=127.34 mean_q=127.34 pairs=98304
RF915 t_ms=473701 power=0.449 mean_i=127.34 mean_q=127.34 pairs=90112
RF915 t_ms=473804 power=0.450 mean_i=127.34 mean_q=127.34 pairs=98304
RF915 t_ms=473906 power=0.449 mean_i=127.34 mean_q=127.34 pairs=98304
RF915 t_ms=474000 power=0.450 mean_i=127.34 mean_q=127.34 pairs=90112
RF915 t_ms=474103 power=0.449 mean_i=127.34 mean_q=127.34 pairs=98304
RF915 t_ms=474205 power=0.450 mean_i=127.34 mean_q=127.34 pairs=98304
RF915 t_ms=474307 power=0.449 mean_i=127.34 mean_q=127.34 pairs=98304
RF915 t_ms=474401 power=0.448 mean_i=127.34 mean_q=127.34 pairs=90112
RF915 t_ms=474504 power=0.449 mean_i=127.34 mean_q=127.34 pairs=98304
RF915 t_ms=474606 power=0.449 mean_i=127.34 mean_q=127.34 pairs=98304
RF915 t_ms=474700 power=0.450 mean_i=127.34 mean_q=127.34 pairs=90112
RF915 t_ms=474802 power=0.449 mean_i=127.34 mean_q=127.34 pairs=98304
RF915 t_ms=474905 power=0.448 mean_i=127.34 mean_q=127.34 pairs=98304
RF915 t_ms=475007 power=0.448 mean_i=127.34 mean_q=127.34 pairs=98304
RF915 t_ms=475101 power=0.449 mean_i=127.34 mean_q=127.34 pairs=90112
RF915 t_ms=475203 power=0.448 mean_i=127.34 mean_q=127.34 pairs=98304
RF915 t_ms=475306 power=0.448 mean_i=127.34 mean_q=127.34 pairs=98304
RF915 t_ms=475400 power=0.449 mean_i=127.34 mean_q=127.34 pairs=90112
RF915 t_ms=475502 power=0.449 mean_i=127.34 mean_q=127.34 pairs=98304
RF915 t_ms=475604 power=0.448 mean_i=127.34 mean_q=127.34 pairs=98304
RF915 t_ms=475707 power=0.449 mean_i=127.34 mean_q=127.34 pairs=98304
RF915 t_ms=475801 power=0.450 mean_i=127.34 mean_q=127.34 pairs=90112
RF915 t_ms=475903 power=0.450 mean_i=127.34 mean_q=127.34 pairs=98304
RF915 t_ms=476005 power=0.448 mean_i=127.34 mean_q=127.34 pairs=98304
RF915 t_ms=476108 power=0.449 mean_i=127.34 mean_q=127.34 pairs=98304
RF915 t_ms=476202 power=0.449 mean_i=127.34 mean_q=127.34 pairs=90112
RF915 t_ms=476304 power=0.449 mean_i=127.34 mean_q=127.34 pairs=98304
RF915 t_ms=476407 power=0.449 mean_i=127.34 mean_q=127.34 pairs=98304
RF915 t_ms=476501 power=0.449 mean_i=127.34 mean_q=127.34 pairs=90112
RF915 t_ms=476603 power=0.447 mean_i=127.34 mean_q=127.33 pairs=98304
RF915 t_ms=476705 power=0.448 mean_i=127.34 mean_q=127.34 pairs=98304
RF915 t_ms=476808 power=0.449 mean_i=127.34 mean_q=127.34 pairs=98304
RF915 t_ms=476902 power=0.449 mean_i=127.34 mean_q=127.34 pairs=90112
RF915 t_ms=477004 power=0.448 mean_i=127.34 mean_q=127.34 pairs=98304
RF915 t_ms=477106 power=0.448 mean_i=127.34 mean_q=127.34 pairs=98304
RF915 t_ms=477200 power=0.449 mean_i=127.34 mean_q=127.34 pairs=90112
RF915 t_ms=477303 power=268.321 mean_i=127.22 mean_q=127.51 pairs=98304
RF915 t_ms=477405 power=5453.152 mean_i=127.44 mean_q=127.35 pairs=98304
RF915 t_ms=477507 power=5357.443 mean_i=127.48 mean_q=127.11 pairs=98304
RF915 t_ms=477601 power=5337.705 mean_i=127.86 mean_q=127.96 pairs=90112
RF915 t_ms=477704 power=5339.877 mean_i=127.36 mean_q=127.11 pairs=98304
RF915 t_ms=477806 power=5351.023 mean_i=127.10 mean_q=127.35 pairs=98304
RF915 t_ms=477900 power=5338.182 mean_i=126.41 mean_q=127.16 pairs=90112
RF915 t_ms=478002 power=2042.445 mean_i=127.52 mean_q=127.33 pairs=98304
RF915 t_ms=478105 power=0.449 mean_i=127.34 mean_q=127.34 pairs=98304
RF915 t_ms=478207 power=0.448 mean_i=127.34 mean_q=127.34 pairs=98304
RF915 t_ms=478301 power=0.449 mean_i=127.34 mean_q=127.34 pairs=90112
RF915 t_ms=478403 power=0.448 mean_i=127.34 mean_q=127.34 pairs=98304
RF915 t_ms=478506 power=0.449 mean_i=127.34 mean_q=127.34 pairs=98304
RF915 t_ms=478600 power=0.449 mean_i=127.34 mean_q=127.34 pairs=90112
RF915 t_ms=478702 power=0.450 mean_i=127.34 mean_q=127.34 pairs=98304
RF915 t_ms=478805 power=0.448 mean_i=127.34 mean_q=127.34 pairs=98304
RF915 t_ms=478907 power=0.449 mean_i=127.34 mean_q=127.34 pairs=98304
RF915 t_ms=479001 power=0.449 mean_i=127.34 mean_q=127.34 pairs=90112
RF915 t_ms=479103 power=0.449 mean_i=127.34 mean_q=127.34 pairs=98304
RF915 t_ms=479206 power=0.449 mean_i=127.34 mean_q=127.34 pairs=98304
RF915 t_ms=479300 power=0.450 mean_i=127.34 mean_q=127.34 pairs=90112
RF915 t_ms=479402 power=0.447 mean_i=127.33 mean_q=127.34 pairs=98304
RF915 t_ms=479504 power=0.448 mean_i=127.34 mean_q=127.34 pairs=98304
RF915 t_ms=479607 power=0.449 mean_i=127.34 mean_q=127.34 pairs=98304
RF915 t_ms=479701 power=0.450 mean_i=127.34 mean_q=127.34 pairs=90112
RF915 t_ms=479803 power=0.449 mean_i=127.34 mean_q=127.34 pairs=98304
RF915 t_ms=479905 power=0.449 mean_i=127.34 mean_q=127.34 pairs=98304
RF915 t_ms=480008 power=0.448 mean_i=127.33 mean_q=127.34 pairs=98304
RF915 t_ms=480102 power=0.448 mean_i=127.34 mean_q=127.34 pairs=90112
RF915 t_ms=480204 power=0.449 mean_i=127.34 mean_q=127.34 pairs=98304
RF915 t_ms=480306 power=0.448 mean_i=127.34 mean_q=127.34 pairs=98304
RF915 t_ms=480400 power=0.448 mean_i=127.34 mean_q=127.34 pairs=90112
RF915 t_ms=480503 power=0.449 mean_i=127.34 mean_q=127.34 pairs=98304
RF915 t_ms=480605 power=0.449 mean_i=127.34 mean_q=127.34 pairs=98304
RF915 t_ms=480708 power=0.449 mean_i=127.34 mean_q=127.34 pairs=98304
RF915 t_ms=480801 power=0.449 mean_i=127.34 mean_q=127.34 pairs=90112
RF915 t_ms=480904 power=0.448 mean_i=127.34 mean_q=127.34 pairs=98304
RF915 t_ms=481006 power=0.449 mean_i=127.34 mean_q=127.34 pairs=98304
RF915 t_ms=481100 power=0.449 mean_i=127.34 mean_q=127.34 pairs=90112
RF915 t_ms=481202 power=0.449 mean_i=127.34 mean_q=127.34 pairs=98304
RF915 t_ms=481305 power=0.448 mean_i=127.34 mean_q=127.34 pairs=98304
RF915 t_ms=481407 power=0.449 mean_i=127.34 mean_q=127.34 pairs=98304
RF915 t_ms=481501 power=0.450 mean_i=127.34 mean_q=127.34 pairs=90112
RF915 t_ms=481604 power=0.448 mean_i=127.34 mean_q=127.34 pairs=98304
RF915 t_ms=481706 power=0.449 mean_i=127.34 mean_q=127.34 pairs=98304
RF915 t_ms=481800 power=0.449 mean_i=127.34 mean_q=127.34 pairs=90112
RF915 t_ms=481902 power=0.448 mean_i=127.34 mean_q=127.34 pairs=98304
RF915 t_ms=482005 power=0.450 mean_i=127.34 mean_q=127.34 pairs=98304
RF915 t_ms=482107 power=0.448 mean_i=127.34 mean_q=127.34 pairs=98304
RF915 t_ms=482201 power=0.449 mean_i=127.34 mean_q=127.34 pairs=90112
RF915 t_ms=482303 power=0.449 mean_i=127.34 mean_q=127.34 pairs=98304
RF915 t_ms=482406 power=0.449 mean_i=127.34 mean_q=127.34 pairs=98304
RF915 t_ms=482500 power=0.448 mean_i=127.34 mean_q=127.34 pairs=90112
RF915 t_ms=482602 power=0.447 mean_i=127.33 mean_q=127.34 pairs=98304
RF915 t_ms=482704 power=0.449 mean_i=127.34 mean_q=127.34 pairs=98304
RF915 t_ms=482807 power=0.450 mean_i=127.34 mean_q=127.34 pairs=98304
RF915 t_ms=482901 power=0.448 mean_i=127.34 mean_q=127.34 pairs=90112
RF915 t_ms=483003 power=0.451 mean_i=127.34 mean_q=127.34 pairs=98304
RF915 t_ms=483105 power=0.447 mean_i=127.34 mean_q=127.34 pairs=98304
RF915 t_ms=483208 power=0.448 mean_i=127.34 mean_q=127.34 pairs=98304
RF915 t_ms=483302 power=0.450 mean_i=127.34 mean_q=127.34 pairs=90112
RF915 t_ms=483404 power=0.447 mean_i=127.33 mean_q=127.34 pairs=98304
RF915 t_ms=483506 power=0.448 mean_i=127.34 mean_q=127.34 pairs=98304
RF915 t_ms=483600 power=0.449 mean_i=127.34 mean_q=127.34 pairs=90112
RF915 t_ms=483703 power=0.449 mean_i=127.34 mean_q=127.34 pairs=98304
RF915 t_ms=483805 power=0.449 mean_i=127.34 mean_q=127.34 pairs=98304
RF915 t_ms=483908 power=0.448 mean_i=127.34 mean_q=127.34 pairs=98304
RF915 t_ms=484002 power=0.449 mean_i=127.34 mean_q=127.34 pairs=90112
RF915 t_ms=484104 power=0.449 mean_i=127.34 mean_q=127.34 pairs=98304
RF915 t_ms=484206 power=0.449 mean_i=127.34 mean_q=127.34 pairs=98304
RF915 t_ms=484300 power=0.448 mean_i=127.34 mean_q=127.34 pairs=90112
RF915 t_ms=484403 power=0.448 mean_i=127.34 mean_q=127.34 pairs=98304
RF915 t_ms=484505 power=0.449 mean_i=127.34 mean_q=127.34 pairs=98304
RF915 t_ms=484607 power=0.449 mean_i=127.34 mean_q=127.34 pairs=98304
RF915 t_ms=484701 power=0.449 mean_i=127.34 mean_q=127.34 pairs=90112
RF915 t_ms=484804 power=0.450 mean_i=127.34 mean_q=127.34 pairs=98304
RF915 t_ms=484906 power=0.448 mean_i=127.34 mean_q=127.34 pairs=98304
RF915 t_ms=485000 power=0.449 mean_i=127.34 mean_q=127.34 pairs=90112
RF915 t_ms=485102 power=0.450 mean_i=127.34 mean_q=127.34 pairs=98304
RF915 t_ms=485205 power=0.449 mean_i=127.34 mean_q=127.34 pairs=98304
RF915 t_ms=485307 power=0.450 mean_i=127.34 mean_q=127.34 pairs=98304
RF915 t_ms=485401 power=0.448 mean_i=127.34 mean_q=127.34 pairs=90112
RF915 t_ms=485503 power=0.447 mean_i=127.34 mean_q=127.34 pairs=98304
RF915 t_ms=485606 power=0.450 mean_i=127.34 mean_q=127.34 pairs=98304
RF915 t_ms=485700 power=0.447 mean_i=127.33 mean_q=127.34 pairs=90112
RF915 t_ms=485802 power=0.450 mean_i=127.34 mean_q=127.34 pairs=98304
RF915 t_ms=485904 power=0.449 mean_i=127.34 mean_q=127.34 pairs=98304
RF915 t_ms=486007 power=0.449 mean_i=127.34 mean_q=127.34 pairs=98304
RF915 t_ms=486101 power=0.449 mean_i=127.34 mean_q=127.34 pairs=90112
RF915 t_ms=486203 power=0.447 mean_i=127.33 mean_q=127.34 pairs=98304
RF915 t_ms=486306 power=0.449 mean_i=127.34 mean_q=127.34 pairs=98304
RF915 t_ms=486408 power=0.449 mean_i=127.34 mean_q=127.34 pairs=98304
RF915 t_ms=486502 power=0.449 mean_i=127.34 mean_q=127.34 pairs=90112
RF915 t_ms=486604 power=0.449 mean_i=127.34 mean_q=127.34 pairs=98304
RF915 t_ms=486707 power=0.449 mean_i=127.34 mean_q=127.34 pairs=98304
RF915 t_ms=486801 power=0.447 mean_i=127.34 mean_q=127.34 pairs=90112
RF915 t_ms=486903 power=0.449 mean_i=127.34 mean_q=127.34 pairs=98304
RF915 t_ms=487005 power=0.450 mean_i=127.34 mean_q=127.34 pairs=98304
RF915 t_ms=487108 power=0.449 mean_i=127.34 mean_q=127.34 pairs=98304
RF915 t_ms=487202 power=0.448 mean_i=127.34 mean_q=127.34 pairs=90112
RF915 t_ms=487304 power=0.448 mean_i=127.34 mean_q=127.34 pairs=98304
RF915 t_ms=487406 power=0.449 mean_i=127.34 mean_q=127.34 pairs=98304
RF915 t_ms=487500 power=0.450 mean_i=127.34 mean_q=127.34 pairs=90112
RF915 t_ms=487603 power=0.449 mean_i=127.34 mean_q=127.34 pairs=98304
RF915 t_ms=487705 power=0.448 mean_i=127.34 mean_q=127.34 pairs=98304
RF915 t_ms=487807 power=0.448 mean_i=127.34 mean_q=127.34 pairs=98304
RF915 t_ms=487901 power=0.448 mean_i=127.34 mean_q=127.34 pairs=90112
RF915 t_ms=488004 power=0.449 mean_i=127.34 mean_q=127.34 pairs=98304
RF915 t_ms=488106 power=0.449 mean_i=127.34 mean_q=127.34 pairs=98304
RF915 t_ms=488200 power=0.449 mean_i=127.34 mean_q=127.34 pairs=90112
RF915 t_ms=488302 power=0.448 mean_i=127.34 mean_q=127.34 pairs=98304
RF915 t_ms=488405 power=0.450 mean_i=127.34 mean_q=127.34 pairs=98304
RF915 t_ms=488507 power=0.447 mean_i=127.33 mean_q=127.34 pairs=98304
RF915 t_ms=488601 power=0.449 mean_i=127.34 mean_q=127.34 pairs=90112
RF915 t_ms=488703 power=0.450 mean_i=127.34 mean_q=127.34 pairs=98304
RF915 t_ms=488806 power=0.449 mean_i=127.34 mean_q=127.34 pairs=98304
RF915 t_ms=488900 power=0.448 mean_i=127.34 mean_q=127.34 pairs=90112
RF915 t_ms=489002 power=0.448 mean_i=127.34 mean_q=127.34 pairs=98304
RF915 t_ms=489105 power=0.448 mean_i=127.34 mean_q=127.34 pairs=98304
RF915 t_ms=489207 power=0.449 mean_i=127.34 mean_q=127.34 pairs=98304
RF915 t_ms=489301 power=0.450 mean_i=127.34 mean_q=127.34 pairs=90112
RF915 t_ms=489403 power=0.449 mean_i=127.34 mean_q=127.34 pairs=98304
RF915 t_ms=489506 power=0.448 mean_i=127.34 mean_q=127.34 pairs=98304
RF915 t_ms=489600 power=0.448 mean_i=127.34 mean_q=127.34 pairs=90112
RF915 t_ms=489702 power=0.448 mean_i=127.34 mean_q=127.34 pairs=98304
RF915 t_ms=489804 power=0.448 mean_i=127.34 mean_q=127.34 pairs=98304
RF915 t_ms=489907 power=0.448 mean_i=127.34 mean_q=127.34 pairs=98304
RF915 t_ms=490001 power=0.449 mean_i=127.34 mean_q=127.34 pairs=90112
RF915 t_ms=490103 power=0.448 mean_i=127.34 mean_q=127.34 pairs=98304
RF915 t_ms=490205 power=0.449 mean_i=127.34 mean_q=127.34 pairs=98304
RF915 t_ms=490308 power=0.449 mean_i=127.34 mean_q=127.34 pairs=98304
RF915 t_ms=490402 power=0.448 mean_i=127.34 mean_q=127.34 pairs=90112
RF915 t_ms=490504 power=0.449 mean_i=127.34 mean_q=127.34 pairs=98304
RF915 t_ms=490606 power=0.449 mean_i=127.34 mean_q=127.34 pairs=98304
RF915 t_ms=490700 power=134.321 mean_i=127.48 mean_q=127.23 pairs=90112
RF915 t_ms=490803 power=224.691 mean_i=127.27 mean_q=127.21 pairs=98304
RF915 t_ms=490905 power=221.421 mean_i=127.35 mean_q=127.46 pairs=98304
RF915 t_ms=491007 power=210.148 mean_i=127.36 mean_q=127.44 pairs=98304
RF915 t_ms=491101 power=198.214 mean_i=127.35 mean_q=127.38 pairs=90112
RF915 t_ms=491204 power=180.202 mean_i=127.49 mean_q=127.39 pairs=98304
RF915 t_ms=491306 power=1.794 mean_i=127.34 mean_q=127.34 pairs=98304
RF915 t_ms=491400 power=518.637 mean_i=127.22 mean_q=127.42 pairs=90112
RF915 t_ms=491502 power=2053.042 mean_i=127.44 mean_q=127.32 pairs=98304
RF915 t_ms=491605 power=2166.797 mean_i=127.60 mean_q=127.21 pairs=98304
RF915 t_ms=491707 power=2247.626 mean_i=127.71 mean_q=127.68 pairs=98304
RF915 t_ms=491801 power=2268.188 mean_i=127.40 mean_q=127.58 pairs=90112
RF915 t_ms=491904 power=1144.478 mean_i=127.29 mean_q=127.42 pairs=98304
RF915 t_ms=492006 power=0.449 mean_i=127.34 mean_q=127.34 pairs=98304
RF915 t_ms=492100 power=0.449 mean_i=127.34 mean_q=127.34 pairs=90112
RF915 t_ms=492202 power=93.255 mean_i=127.31 mean_q=127.39 pairs=98304
RF915 t_ms=492305 power=96.377 mean_i=127.46 mean_q=127.45 pairs=98304
RF915 t_ms=492407 power=92.530 mean_i=127.35 mean_q=127.38 pairs=98304
RF915 t_ms=492501 power=88.457 mean_i=127.40 mean_q=127.37 pairs=90112
RF915 t_ms=492603 power=62.256 mean_i=127.39 mean_q=127.35 pairs=98304
RF915 t_ms=492706 power=0.449 mean_i=127.34 mean_q=127.34 pairs=98304
RF915 t_ms=492800 power=0.449 mean_i=127.34 mean_q=127.34 pairs=90112
RF915 t_ms=492902 power=0.449 mean_i=127.34 mean_q=127.34 pairs=98304
RF915 t_ms=493004 power=0.448 mean_i=127.34 mean_q=127.34 pairs=98304
RF915 t_ms=493107 power=0.449 mean_i=127.34 mean_q=127.34 pairs=98304
RF915 t_ms=493201 power=0.449 mean_i=127.34 mean_q=127.34 pairs=90112
RF915 t_ms=493303 power=0.449 mean_i=127.34 mean_q=127.34 pairs=98304
RF915 t_ms=493405 power=0.448 mean_i=127.34 mean_q=127.34 pairs=98304
RF915 t_ms=493508 power=0.449 mean_i=127.34 mean_q=127.34 pairs=98304
RF915 t_ms=493602 power=0.449 mean_i=127.34 mean_q=127.34 pairs=90112
RF915 t_ms=493704 power=0.449 mean_i=127.34 mean_q=127.34 pairs=98304
RF915 t_ms=493807 power=0.449 mean_i=127.34 mean_q=127.34 pairs=98304
RF915 t_ms=493900 power=0.448 mean_i=127.34 mean_q=127.34 pairs=90112
RF915 t_ms=494003 power=0.449 mean_i=127.34 mean_q=127.34 pairs=98304
RF915 t_ms=494105 power=0.450 mean_i=127.34 mean_q=127.34 pairs=98304
RF915 t_ms=494208 power=0.450 mean_i=127.34 mean_q=127.34 pairs=98304
RF915 t_ms=494302 power=0.450 mean_i=127.34 mean_q=127.34 pairs=90112
RF915 t_ms=494404 power=0.448 mean_i=127.34 mean_q=127.34 pairs=98304
RF915 t_ms=494506 power=0.450 mean_i=127.34 mean_q=127.34 pairs=98304
RF915 t_ms=494600 power=0.450 mean_i=127.34 mean_q=127.34 pairs=90112
RF915 t_ms=494703 power=0.448 mean_i=127.34 mean_q=127.34 pairs=98304
RF915 t_ms=494805 power=0.449 mean_i=127.34 mean_q=127.34 pairs=98304
RF915 t_ms=494907 power=0.448 mean_i=127.34 mean_q=127.34 pairs=98304
RF915 t_ms=495001 power=0.447 mean_i=127.34 mean_q=127.34 pairs=90112
RF915 t_ms=495104 power=0.450 mean_i=127.34 mean_q=127.34 pairs=98304
RF915 t_ms=495206 power=0.449 mean_i=127.34 mean_q=127.34 pairs=98304
RF915 t_ms=495300 power=0.449 mean_i=127.34 mean_q=127.34 pairs=90112
RF915 t_ms=495402 power=0.449 mean_i=127.34 mean_q=127.34 pairs=98304
RF915 t_ms=495505 power=0.449 mean_i=127.34 mean_q=127.34 pairs=98304
RF915 t_ms=495607 power=0.448 mean_i=127.34 mean_q=127.34 pairs=98304
RF915 t_ms=495701 power=0.449 mean_i=127.34 mean_q=127.34 pairs=90112
RF915 t_ms=495803 power=0.449 mean_i=127.34 mean_q=127.34 pairs=98304
RF915 t_ms=495906 power=0.449 mean_i=127.34 mean_q=127.34 pairs=98304
RF915 t_ms=496000 power=0.449 mean_i=127.34 mean_q=127.34 pairs=90112
RF915 t_ms=496102 power=0.450 mean_i=127.34 mean_q=127.34 pairs=98304
RF915 t_ms=496204 power=0.448 mean_i=127.34 mean_q=127.34 pairs=98304
RF915 t_ms=496307 power=0.450 mean_i=127.34 mean_q=127.34 pairs=98304
RF915 t_ms=496401 power=0.447 mean_i=127.34 mean_q=127.33 pairs=90112
RF915 t_ms=496503 power=0.449 mean_i=127.34 mean_q=127.34 pairs=98304
RF915 t_ms=496606 power=0.450 mean_i=127.34 mean_q=127.34 pairs=98304
RF915 t_ms=496708 power=0.450 mean_i=127.34 mean_q=127.34 pairs=98304
RF915 t_ms=496802 power=0.449 mean_i=127.34 mean_q=127.34 pairs=90112
RF915 t_ms=496904 power=0.449 mean_i=127.34 mean_q=127.34 pairs=98304
RF915 t_ms=497007 power=0.449 mean_i=127.34 mean_q=127.34 pairs=98304
RF915 t_ms=497101 power=0.448 mean_i=127.34 mean_q=127.34 pairs=90112
RF915 t_ms=497203 power=0.450 mean_i=127.34 mean_q=127.34 pairs=98304
RF915 t_ms=497305 power=0.449 mean_i=127.34 mean_q=127.34 pairs=98304
RF915 t_ms=497408 power=0.450 mean_i=127.34 mean_q=127.34 pairs=98304
RF915 t_ms=497502 power=0.449 mean_i=127.34 mean_q=127.34 pairs=90112
RF915 t_ms=497604 power=0.449 mean_i=127.34 mean_q=127.34 pairs=98304
RF915 t_ms=497706 power=0.448 mean_i=127.34 mean_q=127.34 pairs=98304
RF915 t_ms=497800 power=0.448 mean_i=127.34 mean_q=127.34 pairs=90112
RF915 t_ms=497903 power=0.449 mean_i=127.34 mean_q=127.34 pairs=98304
RF915 t_ms=498005 power=0.448 mean_i=127.34 mean_q=127.34 pairs=98304
RF915 t_ms=498107 power=0.449 mean_i=127.34 mean_q=127.34 pairs=98304
RF915 t_ms=498201 power=0.449 mean_i=127.34 mean_q=127.34 pairs=90112
RF915 t_ms=498304 power=0.449 mean_i=127.34 mean_q=127.34 pairs=98304
RF915 t_ms=498406 power=0.450 mean_i=127.34 mean_q=127.34 pairs=98304
RF915 t_ms=498500 power=0.450 mean_i=127.34 mean_q=127.34 pairs=90112
RF915 t_ms=498602 power=0.449 mean_i=127.34 mean_q=127.34 pairs=98304
RF915 t_ms=498807 power=0.448 mean_i=127.34 mean_q=127.34 pairs=98304
RF915 t_ms=498901 power=0.448 mean_i=127.34 mean_q=127.34 pairs=90112
RF915 t_ms=499003 power=0.450 mean_i=127.34 mean_q=127.34 pairs=98304
RF915 t_ms=499106 power=0.449 mean_i=127.34 mean_q=127.34 pairs=98304
RF915 t_ms=499200 power=0.449 mean_i=127.34 mean_q=127.34 pairs=90112
RF915 t_ms=499302 power=0.448 mean_i=127.34 mean_q=127.34 pairs=98304
RF915 t_ms=499405 power=0.448 mean_i=127.34 mean_q=127.34 pairs=98304
RF915 t_ms=499507 power=0.451 mean_i=127.34 mean_q=127.34 pairs=98304
RF915 t_ms=499601 power=0.448 mean_i=127.34 mean_q=127.34 pairs=90112
RF915 t_ms=499703 power=0.449 mean_i=127.34 mean_q=127.34 pairs=98304
RF915 t_ms=499806 power=0.448 mean_i=127.34 mean_q=127.34 pairs=98304
RF915 t_ms=499908 power=0.449 mean_i=127.34 mean_q=127.34 pairs=98304
RF915 t_ms=500002 power=0.448 mean_i=127.34 mean_q=127.34 pairs=90112
RF915 t_ms=500104 power=0.448 mean_i=127.34 mean_q=127.34 pairs=98304
RF915 t_ms=500207 power=0.448 mean_i=127.34 mean_q=127.34 pairs=98304
RF915 t_ms=500301 power=0.449 mean_i=127.34 mean_q=127.34 pairs=90112
RF915 t_ms=500403 power=0.448 mean_i=127.34 mean_q=127.34 pairs=98304
RF915 t_ms=500505 power=0.451 mean_i=127.34 mean_q=127.34 pairs=98304
RF915 t_ms=500608 power=0.449 mean_i=127.34 mean_q=127.34 pairs=98304
RF915 t_ms=500702 power=0.449 mean_i=127.34 mean_q=127.34 pairs=90112
RF915 t_ms=500804 power=0.448 mean_i=127.34 mean_q=127.34 pairs=98304
RF915 t_ms=500906 power=0.450 mean_i=127.34 mean_q=127.34 pairs=98304
RF915 t_ms=501000 power=0.448 mean_i=127.33 mean_q=127.34 pairs=90112
RF915 t_ms=501103 power=0.449 mean_i=127.34 mean_q=127.34 pairs=98304
RF915 t_ms=501205 power=0.448 mean_i=127.34 mean_q=127.34 pairs=98304
RF915 t_ms=501308 power=0.448 mean_i=127.34 mean_q=127.34 pairs=98304
RF915 t_ms=501401 power=0.449 mean_i=127.34 mean_q=127.34 pairs=90112
RF915 t_ms=501504 power=0.448 mean_i=127.34 mean_q=127.34 pairs=98304
RF915 t_ms=501606 power=0.449 mean_i=127.34 mean_q=127.34 pairs=98304
RF915 t_ms=501700 power=0.449 mean_i=127.34 mean_q=127.34 pairs=90112
RF915 t_ms=501802 power=0.448 mean_i=127.34 mean_q=127.34 pairs=98304
RF915 t_ms=501905 power=0.450 mean_i=127.34 mean_q=127.34 pairs=98304
RF915 t_ms=502007 power=0.450 mean_i=127.34 mean_q=127.34 pairs=98304
RF915 t_ms=502101 power=0.449 mean_i=127.34 mean_q=127.34 pairs=90112
RF915 t_ms=502204 power=0.450 mean_i=127.34 mean_q=127.34 pairs=98304
RF915 t_ms=502306 power=0.449 mean_i=127.34 mean_q=127.34 pairs=98304
RF915 t_ms=502400 power=0.449 mean_i=127.34 mean_q=127.34 pairs=90112
RF915 t_ms=502502 power=0.450 mean_i=127.34 mean_q=127.34 pairs=98304
RF915 t_ms=502605 power=0.448 mean_i=127.33 mean_q=127.34 pairs=98304
RF915 t_ms=502707 power=0.452 mean_i=127.34 mean_q=127.34 pairs=98304
RF915 t_ms=502801 power=0.460 mean_i=127.35 mean_q=127.35 pairs=90112
RF915 t_ms=502903 power=0.451 mean_i=127.34 mean_q=127.34 pairs=98304
RF915 t_ms=503006 power=0.448 mean_i=127.34 mean_q=127.34 pairs=98304
RF915 t_ms=503100 power=0.449 mean_i=127.34 mean_q=127.34 pairs=90112
RF915 t_ms=503202 power=0.448 mean_i=127.34 mean_q=127.34 pairs=98304
RF915 t_ms=503304 power=0.448 mean_i=127.34 mean_q=127.34 pairs=98304
RF915 t_ms=503407 power=0.449 mean_i=127.34 mean_q=127.34 pairs=98304
RF915 t_ms=503501 power=0.449 mean_i=127.34 mean_q=127.34 pairs=90112
RF915 t_ms=503603 power=0.449 mean_i=127.34 mean_q=127.34 pairs=98304
RF915 t_ms=503705 power=0.449 mean_i=127.34 mean_q=127.34 pairs=98304
RF915 t_ms=503808 power=0.449 mean_i=127.34 mean_q=127.34 pairs=98304
RF915 t_ms=503902 power=0.449 mean_i=127.34 mean_q=127.34 pairs=90112
RF915 t_ms=504004 power=0.450 mean_i=127.34 mean_q=127.34 pairs=98304
RF915 t_ms=504107 power=0.449 mean_i=127.34 mean_q=127.34 pairs=98304
RF915 t_ms=504200 power=0.449 mean_i=127.34 mean_q=127.34 pairs=90112
RF915 t_ms=504303 power=0.449 mean_i=127.34 mean_q=127.34 pairs=98304
RF915 t_ms=504405 power=0.449 mean_i=127.34 mean_q=127.34 pairs=98304
RF915 t_ms=504508 power=0.449 mean_i=127.34 mean_q=127.34 pairs=98304
RF915 t_ms=504602 power=0.448 mean_i=127.34 mean_q=127.34 pairs=90112
RF915 t_ms=504704 power=0.449 mean_i=127.34 mean_q=127.34 pairs=98304
RF915 t_ms=504806 power=0.449 mean_i=127.34 mean_q=127.34 pairs=98304
RF915 t_ms=504900 power=0.448 mean_i=127.34 mean_q=127.34 pairs=90112
RF915 t_ms=505003 power=0.450 mean_i=127.34 mean_q=127.34 pairs=98304
RF915 t_ms=505105 power=0.449 mean_i=127.34 mean_q=127.34 pairs=98304
RF915 t_ms=505207 power=0.449 mean_i=127.34 mean_q=127.34 pairs=98304
RF915 t_ms=505301 power=0.449 mean_i=127.34 mean_q=127.34 pairs=90112
RF915 t_ms=505404 power=0.448 mean_i=127.34 mean_q=127.34 pairs=98304
RF915 t_ms=505506 power=0.449 mean_i=127.34 mean_q=127.34 pairs=98304
RF915 t_ms=505600 power=0.449 mean_i=127.34 mean_q=127.34 pairs=90112
RF915 t_ms=505702 power=0.448 mean_i=127.34 mean_q=127.34 pairs=98304
RF915 t_ms=505805 power=78.118 mean_i=127.33 mean_q=127.33 pairs=98304
RF915 t_ms=505907 power=703.738 mean_i=126.91 mean_q=127.68 pairs=98304
RF915 t_ms=506001 power=700.641 mean_i=127.56 mean_q=127.59 pairs=90112
RF915 t_ms=506103 power=664.942 mean_i=127.39 mean_q=127.25 pairs=98304
RF915 t_ms=506206 power=587.312 mean_i=127.20 mean_q=127.34 pairs=98304
RF915 t_ms=506300 power=543.040 mean_i=127.37 mean_q=127.46 pairs=90112
RF915 t_ms=506402 power=302.803 mean_i=127.28 mean_q=127.41 pairs=98304
RF915 t_ms=506504 power=0.448 mean_i=127.33 mean_q=127.34 pairs=98304
RF915 t_ms=506607 power=0.450 mean_i=127.34 mean_q=127.34 pairs=98304
RF915 t_ms=506701 power=0.450 mean_i=127.34 mean_q=127.34 pairs=90112
RF915 t_ms=506803 power=0.449 mean_i=127.34 mean_q=127.34 pairs=98304
RF915 t_ms=506906 power=0.449 mean_i=127.34 mean_q=127.34 pairs=98304
RF915 t_ms=507008 power=0.449 mean_i=127.34 mean_q=127.34 pairs=98304
RF915 t_ms=507102 power=0.450 mean_i=127.34 mean_q=127.34 pairs=90112
RF915 t_ms=507204 power=0.448 mean_i=127.34 mean_q=127.34 pairs=98304
RF915 t_ms=507307 power=0.449 mean_i=127.34 mean_q=127.34 pairs=98304
RF915 t_ms=507400 power=0.449 mean_i=127.34 mean_q=127.34 pairs=90112
RF915 t_ms=507503 power=0.448 mean_i=127.34 mean_q=127.34 pairs=98304
RF915 t_ms=507605 power=0.449 mean_i=127.34 mean_q=127.34 pairs=98304
RF915 t_ms=507708 power=0.447 mean_i=127.34 mean_q=127.34 pairs=98304
RF915 t_ms=507802 power=0.447 mean_i=127.33 mean_q=127.34 pairs=90112
RF915 t_ms=507904 power=0.450 mean_i=127.34 mean_q=127.34 pairs=98304
RF915 t_ms=508006 power=0.449 mean_i=127.34 mean_q=127.34 pairs=98304
RF915 t_ms=508100 power=0.448 mean_i=127.34 mean_q=127.34 pairs=90112
RF915 t_ms=508203 power=0.450 mean_i=127.34 mean_q=127.34 pairs=98304
RF915 t_ms=508305 power=0.448 mean_i=127.34 mean_q=127.34 pairs=98304
RF915 t_ms=508407 power=0.449 mean_i=127.34 mean_q=127.34 pairs=98304
RF915 t_ms=508501 power=0.449 mean_i=127.34 mean_q=127.34 pairs=90112
RF915 t_ms=508604 power=0.449 mean_i=127.34 mean_q=127.34 pairs=98304
RF915 t_ms=508706 power=0.450 mean_i=127.34 mean_q=127.34 pairs=98304
RF915 t_ms=508800 power=0.450 mean_i=127.34 mean_q=127.34 pairs=90112
RF915 t_ms=508902 power=0.449 mean_i=127.34 mean_q=127.34 pairs=98304
RF915 t_ms=509005 power=0.449 mean_i=127.34 mean_q=127.34 pairs=98304
RF915 t_ms=509107 power=0.448 mean_i=127.34 mean_q=127.34 pairs=98304
RF915 t_ms=509201 power=0.448 mean_i=127.34 mean_q=127.34 pairs=90112
RF915 t_ms=509303 power=0.448 mean_i=127.34 mean_q=127.34 pairs=98304
RF915 t_ms=509406 power=0.450 mean_i=127.34 mean_q=127.34 pairs=98304
RF915 t_ms=509500 power=0.450 mean_i=127.34 mean_q=127.34 pairs=90112
RF915 t_ms=509602 power=0.447 mean_i=127.34 mean_q=127.34 pairs=98304
RF915 t_ms=509705 power=0.450 mean_i=127.34 mean_q=127.34 pairs=98304
RF915 t_ms=509807 power=0.448 mean_i=127.34 mean_q=127.34 pairs=98304
RF915 t_ms=509901 power=0.449 mean_i=127.34 mean_q=127.34 pairs=90112
RF915 t_ms=510003 power=0.449 mean_i=127.34 mean_q=127.34 pairs=98304
RF915 t_ms=510106 power=0.448 mean_i=127.33 mean_q=127.34 pairs=98304
RF915 t_ms=510208 power=0.448 mean_i=127.34 mean_q=127.34 pairs=98304
RF915 t_ms=510302 power=0.450 mean_i=127.34 mean_q=127.34 pairs=90112
RF915 t_ms=510404 power=0.450 mean_i=127.34 mean_q=127.34 pairs=98304
RF915 t_ms=510507 power=0.450 mean_i=127.34 mean_q=127.34 pairs=98304
RF915 t_ms=510601 power=0.449 mean_i=127.34 mean_q=127.34 pairs=90112
RF915 t_ms=510703 power=0.449 mean_i=127.34 mean_q=127.34 pairs=98304
RF915 t_ms=510805 power=0.449 mean_i=127.34 mean_q=127.34 pairs=98304
RF915 t_ms=510908 power=0.449 mean_i=127.34 mean_q=127.34 pairs=98304
RF915 t_ms=511002 power=0.449 mean_i=127.34 mean_q=127.34 pairs=90112
RF915 t_ms=511104 power=0.448 mean_i=127.34 mean_q=127.34 pairs=98304
RF915 t_ms=511206 power=0.448 mean_i=127.34 mean_q=127.34 pairs=98304
RF915 t_ms=511300 power=0.449 mean_i=127.34 mean_q=127.34 pairs=90112
RF915 t_ms=511403 power=0.449 mean_i=127.34 mean_q=127.34 pairs=98304
RF915 t_ms=511505 power=0.448 mean_i=127.34 mean_q=127.34 pairs=98304
RF915 t_ms=511608 power=0.450 mean_i=127.34 mean_q=127.34 pairs=98304
RF915 t_ms=511701 power=0.448 mean_i=127.34 mean_q=127.34 pairs=90112
RF915 t_ms=511804 power=0.448 mean_i=127.34 mean_q=127.34 pairs=98304
RF915 t_ms=511906 power=0.449 mean_i=127.34 mean_q=127.34 pairs=98304
RF915 t_ms=512000 power=0.449 mean_i=127.34 mean_q=127.34 pairs=90112
RF915 t_ms=512102 power=0.448 mean_i=127.34 mean_q=127.34 pairs=98304
RF915 t_ms=512205 power=0.448 mean_i=127.34 mean_q=127.34 pairs=98304
RF915 t_ms=512307 power=0.448 mean_i=127.34 mean_q=127.34 pairs=98304
RF915 t_ms=512401 power=0.449 mean_i=127.34 mean_q=127.34 pairs=90112
RF915 t_ms=512503 power=0.448 mean_i=127.34 mean_q=127.34 pairs=98304
RF915 t_ms=512606 power=0.448 mean_i=127.34 mean_q=127.34 pairs=98304
RF915 t_ms=512700 power=0.449 mean_i=127.34 mean_q=127.34 pairs=90112
RF915 t_ms=512802 power=0.448 mean_i=127.34 mean_q=127.34 pairs=98304
RF915 t_ms=512905 power=0.448 mean_i=127.34 mean_q=127.34 pairs=98304
RF915 t_ms=513007 power=0.448 mean_i=127.34 mean_q=127.34 pairs=98304
RF915 t_ms=513101 power=0.447 mean_i=127.34 mean_q=127.33 pairs=90112
RF915 t_ms=513203 power=0.448 mean_i=127.34 mean_q=127.34 pairs=98304
RF915 t_ms=513306 power=0.450 mean_i=127.34 mean_q=127.34 pairs=98304
RF915 t_ms=513400 power=0.449 mean_i=127.34 mean_q=127.34 pairs=90112
RF915 t_ms=513502 power=0.451 mean_i=127.34 mean_q=127.34 pairs=98304
RF915 t_ms=513604 power=0.448 mean_i=127.34 mean_q=127.34 pairs=98304
RF915 t_ms=513707 power=0.448 mean_i=127.34 mean_q=127.34 pairs=98304
RF915 t_ms=513801 power=0.448 mean_i=127.34 mean_q=127.33 pairs=90112
RF915 t_ms=513903 power=0.448 mean_i=127.34 mean_q=127.34 pairs=98304
RF915 t_ms=514005 power=0.450 mean_i=127.34 mean_q=127.34 pairs=98304
RF915 t_ms=514108 power=0.450 mean_i=127.34 mean_q=127.34 pairs=98304
RF915 t_ms=514202 power=0.449 mean_i=127.34 mean_q=127.34 pairs=90112
RF915 t_ms=514304 power=0.449 mean_i=127.34 mean_q=127.34 pairs=98304
RF915 t_ms=514407 power=0.449 mean_i=127.34 mean_q=127.34 pairs=98304
RF915 t_ms=514500 power=0.449 mean_i=127.34 mean_q=127.34 pairs=90112
RF915 t_ms=514603 power=0.449 mean_i=127.34 mean_q=127.34 pairs=98304
RF915 t_ms=514705 power=0.449 mean_i=127.34 mean_q=127.34 pairs=98304
RF915 t_ms=514808 power=0.449 mean_i=127.34 mean_q=127.34 pairs=98304
RF915 t_ms=514901 power=0.449 mean_i=127.34 mean_q=127.34 pairs=90112
RF915 t_ms=515004 power=0.450 mean_i=127.34 mean_q=127.34 pairs=98304
RF915 t_ms=515106 power=0.448 mean_i=127.34 mean_q=127.34 pairs=98304
RF915 t_ms=515200 power=0.448 mean_i=127.34 mean_q=127.34 pairs=90112
RF915 t_ms=515303 power=0.449 mean_i=127.34 mean_q=127.34 pairs=98304
RF915 t_ms=515405 power=0.449 mean_i=127.34 mean_q=127.34 pairs=98304
RF915 t_ms=515507 power=0.449 mean_i=127.34 mean_q=127.34 pairs=98304
RF915 t_ms=515601 power=0.448 mean_i=127.34 mean_q=127.34 pairs=90112
RF915 t_ms=515704 power=0.451 mean_i=127.34 mean_q=127.34 pairs=98304
RF915 t_ms=515806 power=0.451 mean_i=127.34 mean_q=127.34 pairs=98304
RF915 t_ms=515900 power=0.449 mean_i=127.34 mean_q=127.34 pairs=90112
RF915 t_ms=516002 power=0.449 mean_i=127.34 mean_q=127.34 pairs=98304
RF915 t_ms=516105 power=0.448 mean_i=127.34 mean_q=127.34 pairs=98304
RF915 t_ms=516207 power=0.449 mean_i=127.34 mean_q=127.34 pairs=98304
RF915 t_ms=516301 power=0.449 mean_i=127.34 mean_q=127.34 pairs=90112
RF915 t_ms=516403 power=0.449 mean_i=127.34 mean_q=127.34 pairs=98304
RF915 t_ms=516506 power=0.448 mean_i=127.34 mean_q=127.34 pairs=98304
RF915 t_ms=516600 power=0.450 mean_i=127.34 mean_q=127.34 pairs=90112
RF915 t_ms=516702 power=0.449 mean_i=127.34 mean_q=127.34 pairs=98304
RF915 t_ms=516804 power=0.450 mean_i=127.34 mean_q=127.34 pairs=98304
RF915 t_ms=516907 power=0.448 mean_i=127.34 mean_q=127.34 pairs=98304
RF915 t_ms=517001 power=0.449 mean_i=127.34 mean_q=127.34 pairs=90112
RF915 t_ms=517103 power=0.450 mean_i=127.34 mean_q=127.34 pairs=98304
RF915 t_ms=517206 power=0.449 mean_i=127.34 mean_q=127.34 pairs=98304
RF915 t_ms=517308 power=0.449 mean_i=127.34 mean_q=127.34 pairs=98304
RF915 t_ms=517402 power=0.448 mean_i=127.34 mean_q=127.34 pairs=90112
RF915 t_ms=517504 power=0.448 mean_i=127.34 mean_q=127.34 pairs=98304
RF915 t_ms=517607 power=0.449 mean_i=127.34 mean_q=127.34 pairs=98304
RF915 t_ms=517700 power=0.447 mean_i=127.34 mean_q=127.33 pairs=90112
RF915 t_ms=517803 power=0.450 mean_i=127.34 mean_q=127.34 pairs=98304
RF915 t_ms=517905 power=0.448 mean_i=127.34 mean_q=127.34 pairs=98304
RF915 t_ms=518008 power=0.448 mean_i=127.34 mean_q=127.34 pairs=98304
RF915 t_ms=518102 power=0.450 mean_i=127.34 mean_q=127.34 pairs=90112
RF915 t_ms=518204 power=0.449 mean_i=127.34 mean_q=127.34 pairs=98304
RF915 t_ms=518306 power=0.449 mean_i=127.34 mean_q=127.34 pairs=98304
RF915 t_ms=518400 power=0.449 mean_i=127.34 mean_q=127.34 pairs=90112
RF915 t_ms=518503 power=0.451 mean_i=127.34 mean_q=127.34 pairs=98304
RF915 t_ms=518605 power=0.449 mean_i=127.34 mean_q=127.34 pairs=98304
RF915 t_ms=518707 power=0.449 mean_i=127.34 mean_q=127.34 pairs=98304
RF915 t_ms=518801 power=0.451 mean_i=127.34 mean_q=127.34 pairs=90112
RF915 t_ms=518904 power=0.449 mean_i=127.34 mean_q=127.34 pairs=98304
RF915 t_ms=519006 power=0.449 mean_i=127.34 mean_q=127.34 pairs=98304
RF915 t_ms=519100 power=0.449 mean_i=127.34 mean_q=127.34 pairs=90112
RF915 t_ms=519202 power=0.449 mean_i=127.34 mean_q=127.34 pairs=98304
RF915 t_ms=519305 power=0.449 mean_i=127.34 mean_q=127.34 pairs=98304
RF915 t_ms=519407 power=0.448 mean_i=127.34 mean_q=127.34 pairs=98304
RF915 t_ms=519501 power=0.449 mean_i=127.34 mean_q=127.34 pairs=90112
RF915 t_ms=519603 power=0.449 mean_i=127.34 mean_q=127.34 pairs=98304
RF915 t_ms=519706 power=0.448 mean_i=127.34 mean_q=127.34 pairs=98304
RF915 t_ms=519800 power=0.448 mean_i=127.34 mean_q=127.34 pairs=90112
RF915 t_ms=519902 power=0.448 mean_i=127.34 mean_q=127.34 pairs=98304
RF915 t_ms=520004 power=0.448 mean_i=127.34 mean_q=127.34 pairs=98304
RF915 t_ms=520107 power=0.450 mean_i=127.34 mean_q=127.34 pairs=98304
RF915 t_ms=520201 power=0.448 mean_i=127.34 mean_q=127.34 pairs=90112
RF915 t_ms=520303 power=0.449 mean_i=127.34 mean_q=127.34 pairs=98304
RF915 t_ms=520406 power=0.450 mean_i=127.34 mean_q=127.34 pairs=98304
RF915 t_ms=520508 power=0.450 mean_i=127.34 mean_q=127.34 pairs=98304
RF915 t_ms=520602 power=0.449 mean_i=127.34 mean_q=127.34 pairs=90112
RF915 t_ms=520704 power=0.448 mean_i=127.34 mean_q=127.34 pairs=98304
RF915 t_ms=520807 power=0.450 mean_i=127.34 mean_q=127.34 pairs=98304
RF915 t_ms=520901 power=0.449 mean_i=127.34 mean_q=127.34 pairs=90112
RF915 t_ms=521003 power=0.448 mean_i=127.34 mean_q=127.34 pairs=98304
RF915 t_ms=521105 power=0.448 mean_i=127.34 mean_q=127.34 pairs=98304
RF915 t_ms=521208 power=0.450 mean_i=127.34 mean_q=127.34 pairs=98304
RF915 t_ms=521302 power=0.449 mean_i=127.34 mean_q=127.34 pairs=90112
RF915 t_ms=521404 power=0.449 mean_i=127.34 mean_q=127.34 pairs=98304
RF915 t_ms=521506 power=0.449 mean_i=127.34 mean_q=127.34 pairs=98304
RF915 t_ms=521600 power=0.449 mean_i=127.34 mean_q=127.34 pairs=90112
RF915 t_ms=521703 power=0.449 mean_i=127.34 mean_q=127.34 pairs=98304
RF915 t_ms=521805 power=0.449 mean_i=127.34 mean_q=127.34 pairs=98304
RF915 t_ms=521908 power=0.449 mean_i=127.34 mean_q=127.34 pairs=98304
RF915 t_ms=522001 power=0.448 mean_i=127.34 mean_q=127.34 pairs=90112
RF915 t_ms=522104 power=0.449 mean_i=127.34 mean_q=127.34 pairs=98304
RF915 t_ms=522206 power=0.449 mean_i=127.34 mean_q=127.34 pairs=98304
RF915 t_ms=522300 power=0.449 mean_i=127.34 mean_q=127.34 pairs=90112
RF915 t_ms=522402 power=0.448 mean_i=127.34 mean_q=127.34 pairs=98304
RF915 t_ms=522505 power=0.449 mean_i=127.34 mean_q=127.34 pairs=98304
RF915 t_ms=522607 power=0.449 mean_i=127.34 mean_q=127.34 pairs=98304
RF915 t_ms=522701 power=0.449 mean_i=127.34 mean_q=127.34 pairs=90112
RF915 t_ms=522804 power=0.451 mean_i=127.34 mean_q=127.34 pairs=98304
RF915 t_ms=522906 power=0.450 mean_i=127.34 mean_q=127.34 pairs=98304
RF915 t_ms=523000 power=0.450 mean_i=127.34 mean_q=127.34 pairs=90112
RF915 t_ms=523102 power=0.449 mean_i=127.34 mean_q=127.34 pairs=98304
RF915 t_ms=523205 power=0.449 mean_i=127.34 mean_q=127.34 pairs=98304
RF915 t_ms=523307 power=0.449 mean_i=127.34 mean_q=127.34 pairs=98304
RF915 t_ms=523401 power=0.449 mean_i=127.34 mean_q=127.34 pairs=90112
RF915 t_ms=523503 power=0.448 mean_i=127.34 mean_q=127.34 pairs=98304
RF915 t_ms=523606 power=0.450 mean_i=127.34 mean_q=127.34 pairs=98304
RF915 t_ms=523700 power=0.449 mean_i=127.34 mean_q=127.34 pairs=90112
RF915 t_ms=523802 power=0.449 mean_i=127.34 mean_q=127.34 pairs=98304
RF915 t_ms=523904 power=0.448 mean_i=127.34 mean_q=127.34 pairs=98304
RF915 t_ms=524007 power=0.448 mean_i=127.34 mean_q=127.34 pairs=98304
RF915 t_ms=524101 power=0.450 mean_i=127.34 mean_q=127.34 pairs=90112
RF915 t_ms=524203 power=0.448 mean_i=127.34 mean_q=127.34 pairs=98304
RF915 t_ms=524305 power=0.449 mean_i=127.34 mean_q=127.34 pairs=98304
RF915 t_ms=524408 power=0.449 mean_i=127.34 mean_q=127.34 pairs=98304
RF915 t_ms=524502 power=0.448 mean_i=127.34 mean_q=127.34 pairs=90112
RF915 t_ms=524604 power=0.448 mean_i=127.34 mean_q=127.34 pairs=98304
RF915 t_ms=524706 power=0.448 mean_i=127.34 mean_q=127.34 pairs=98304
RF915 t_ms=524800 power=0.450 mean_i=127.34 mean_q=127.34 pairs=90112
RF915 t_ms=524903 power=0.449 mean_i=127.34 mean_q=127.34 pairs=98304
RF915 t_ms=525005 power=0.450 mean_i=127.34 mean_q=127.34 pairs=98304
RF915 t_ms=525108 power=0.450 mean_i=127.34 mean_q=127.34 pairs=98304
RF915 t_ms=525201 power=0.449 mean_i=127.34 mean_q=127.34 pairs=90112
RF915 t_ms=525304 power=0.448 mean_i=127.33 mean_q=127.34 pairs=98304
RF915 t_ms=525406 power=0.449 mean_i=127.34 mean_q=127.34 pairs=98304
RF915 t_ms=525500 power=0.449 mean_i=127.34 mean_q=127.34 pairs=90112
RF915 t_ms=525603 power=0.449 mean_i=127.34 mean_q=127.34 pairs=98304
RF915 t_ms=525705 power=0.449 mean_i=127.34 mean_q=127.34 pairs=98304
RF915 t_ms=525807 power=0.448 mean_i=127.34 mean_q=127.34 pairs=98304
RF915 t_ms=525901 power=0.448 mean_i=127.34 mean_q=127.34 pairs=90112
RF915 t_ms=526004 power=0.450 mean_i=127.34 mean_q=127.34 pairs=98304
RF915 t_ms=526106 power=0.450 mean_i=127.34 mean_q=127.34 pairs=98304
RF915 t_ms=526200 power=0.450 mean_i=127.34 mean_q=127.34 pairs=90112
RF915 t_ms=526302 power=0.449 mean_i=127.34 mean_q=127.34 pairs=98304
RF915 t_ms=526405 power=0.451 mean_i=127.34 mean_q=127.34 pairs=98304
RF915 t_ms=526507 power=0.449 mean_i=127.34 mean_q=127.34 pairs=98304
RF915 t_ms=526601 power=0.449 mean_i=127.34 mean_q=127.34 pairs=90112
RF915 t_ms=526703 power=0.448 mean_i=127.33 mean_q=127.34 pairs=98304
RF915 t_ms=526806 power=0.449 mean_i=127.34 mean_q=127.34 pairs=98304
RF915 t_ms=526900 power=0.449 mean_i=127.34 mean_q=127.34 pairs=90112
RF915 t_ms=527002 power=0.448 mean_i=127.34 mean_q=127.34 pairs=98304
RF915 t_ms=527104 power=0.449 mean_i=127.34 mean_q=127.34 pairs=98304
RF915 t_ms=527207 power=0.449 mean_i=127.34 mean_q=127.34 pairs=98304
RF915 t_ms=527301 power=0.449 mean_i=127.34 mean_q=127.34 pairs=90112
RF915 t_ms=527403 power=0.450 mean_i=127.34 mean_q=127.34 pairs=98304
RF915 t_ms=527505 power=0.448 mean_i=127.34 mean_q=127.34 pairs=98304
RF915 t_ms=527608 power=0.448 mean_i=127.34 mean_q=127.34 pairs=98304
RF915 t_ms=527702 power=0.449 mean_i=127.34 mean_q=127.34 pairs=90112
RF915 t_ms=527804 power=0.450 mean_i=127.34 mean_q=127.34 pairs=98304
RF915 t_ms=527907 power=0.449 mean_i=127.34 mean_q=127.34 pairs=98304
RF915 t_ms=528000 power=0.449 mean_i=127.34 mean_q=127.34 pairs=90112
RF915 t_ms=528103 power=0.449 mean_i=127.34 mean_q=127.34 pairs=98304
RF915 t_ms=528205 power=0.449 mean_i=127.34 mean_q=127.34 pairs=98304
RF915 t_ms=528308 power=0.449 mean_i=127.34 mean_q=127.34 pairs=98304
RF915 t_ms=528402 power=0.449 mean_i=127.34 mean_q=127.34 pairs=90112
RF915 t_ms=528504 power=0.449 mean_i=127.34 mean_q=127.34 pairs=98304
RF915 t_ms=528606 power=0.449 mean_i=127.34 mean_q=127.34 pairs=98304
RF915 t_ms=528700 power=0.448 mean_i=127.34 mean_q=127.34 pairs=90112
RF915 t_ms=528803 power=0.450 mean_i=127.34 mean_q=127.34 pairs=98304
RF915 t_ms=528905 power=0.448 mean_i=127.34 mean_q=127.34 pairs=98304
RF915 t_ms=529007 power=0.448 mean_i=127.34 mean_q=127.34 pairs=98304
RF915 t_ms=529101 power=0.448 mean_i=127.34 mean_q=127.34 pairs=90112
RF915 t_ms=529204 power=0.448 mean_i=127.34 mean_q=127.34 pairs=98304
RF915 t_ms=529306 power=0.448 mean_i=127.33 mean_q=127.34 pairs=98304
RF915 t_ms=529400 power=0.450 mean_i=127.34 mean_q=127.34 pairs=90112
RF915 t_ms=529502 power=0.447 mean_i=127.34 mean_q=127.34 pairs=98304
RF915 t_ms=529605 power=0.450 mean_i=127.34 mean_q=127.34 pairs=98304
RF915 t_ms=529707 power=0.448 mean_i=127.34 mean_q=127.34 pairs=98304
RF915 t_ms=529801 power=0.449 mean_i=127.34 mean_q=127.34 pairs=90112
RF915 t_ms=529903 power=0.448 mean_i=127.34 mean_q=127.34 pairs=98304
RF915 t_ms=530006 power=0.450 mean_i=127.34 mean_q=127.34 pairs=98304
RF915 t_ms=530100 power=0.450 mean_i=127.34 mean_q=127.34 pairs=90112
RF915 t_ms=530202 power=0.448 mean_i=127.34 mean_q=127.34 pairs=98304
RF915 t_ms=530305 power=0.449 mean_i=127.34 mean_q=127.34 pairs=98304
RF915 t_ms=530407 power=0.450 mean_i=127.34 mean_q=127.34 pairs=98304
RF915 t_ms=530501 power=0.448 mean_i=127.34 mean_q=127.34 pairs=90112
RF915 t_ms=530603 power=0.449 mean_i=127.34 mean_q=127.34 pairs=98304
RF915 t_ms=530706 power=0.450 mean_i=127.34 mean_q=127.34 pairs=98304
RF915 t_ms=530800 power=0.449 mean_i=127.34 mean_q=127.34 pairs=90112
RF915 t_ms=530902 power=0.449 mean_i=127.34 mean_q=127.34 pairs=98304
RF915 t_ms=531004 power=0.448 mean_i=127.34 mean_q=127.34 pairs=98304
RF915 t_ms=531107 power=0.448 mean_i=127.34 mean_q=127.34 pairs=98304
RF915 t_ms=531201 power=0.450 mean_i=127.34 mean_q=127.34 pairs=90112
RF915 t_ms=531303 power=0.449 mean_i=127.34 mean_q=127.34 pairs=98304
RF915 t_ms=531405 power=0.449 mean_i=127.34 mean_q=127.34 pairs=98304
RF915 t_ms=531508 power=0.449 mean_i=127.34 mean_q=127.34 pairs=98304
RF915 t_ms=531602 power=0.449 mean_i=127.34 mean_q=127.34 pairs=90112
RF915 t_ms=531704 power=0.449 mean_i=127.34 mean_q=127.34 pairs=98304
RF915 t_ms=531806 power=0.450 mean_i=127.34 mean_q=127.34 pairs=98304
RF915 t_ms=531900 power=0.450 mean_i=127.34 mean_q=127.34 pairs=90112
RF915 t_ms=532003 power=0.449 mean_i=127.34 mean_q=127.34 pairs=98304
RF915 t_ms=532105 power=0.448 mean_i=127.34 mean_q=127.34 pairs=98304
RF915 t_ms=532207 power=0.449 mean_i=127.34 mean_q=127.34 pairs=98304
RF915 t_ms=532301 power=0.448 mean_i=127.34 mean_q=127.34 pairs=90112
RF915 t_ms=532404 power=0.450 mean_i=127.34 mean_q=127.34 pairs=98304
RF915 t_ms=532506 power=0.449 mean_i=127.34 mean_q=127.34 pairs=98304
RF915 t_ms=532600 power=0.451 mean_i=127.34 mean_q=127.34 pairs=90112
RF915 t_ms=532702 power=0.449 mean_i=127.34 mean_q=127.34 pairs=98304
RF915 t_ms=532805 power=0.448 mean_i=127.33 mean_q=127.34 pairs=98304
RF915 t_ms=532907 power=0.447 mean_i=127.34 mean_q=127.33 pairs=98304
RF915 t_ms=533001 power=0.450 mean_i=127.34 mean_q=127.34 pairs=90112
RF915 t_ms=533104 power=0.450 mean_i=127.34 mean_q=127.34 pairs=98304
RF915 t_ms=533206 power=0.449 mean_i=127.34 mean_q=127.34 pairs=98304
RF915 t_ms=533300 power=0.450 mean_i=127.34 mean_q=127.34 pairs=90112
RF915 t_ms=533402 power=0.449 mean_i=127.34 mean_q=127.34 pairs=98304
RF915 t_ms=533505 power=0.448 mean_i=127.34 mean_q=127.34 pairs=98304
RF915 t_ms=533607 power=0.449 mean_i=127.34 mean_q=127.34 pairs=98304
RF915 t_ms=533701 power=0.450 mean_i=127.34 mean_q=127.34 pairs=90112
RF915 t_ms=533803 power=0.448 mean_i=127.34 mean_q=127.34 pairs=98304
RF915 t_ms=533906 power=0.450 mean_i=127.34 mean_q=127.34 pairs=98304
RF915 t_ms=534000 power=0.448 mean_i=127.34 mean_q=127.34 pairs=90112
RF915 t_ms=534102 power=0.449 mean_i=127.34 mean_q=127.34 pairs=98304
RF915 t_ms=534204 power=0.449 mean_i=127.34 mean_q=127.34 pairs=98304
RF915 t_ms=534307 power=0.449 mean_i=127.34 mean_q=127.34 pairs=98304
RF915 t_ms=534401 power=0.449 mean_i=127.34 mean_q=127.34 pairs=90112
RF915 t_ms=534503 power=0.448 mean_i=127.34 mean_q=127.34 pairs=98304
RF915 t_ms=534605 power=0.449 mean_i=127.34 mean_q=127.34 pairs=98304
RF915 t_ms=534708 power=0.449 mean_i=127.34 mean_q=127.34 pairs=98304
RF915 t_ms=534802 power=0.450 mean_i=127.34 mean_q=127.34 pairs=90112
RF915 t_ms=534904 power=0.450 mean_i=127.34 mean_q=127.34 pairs=98304
RF915 t_ms=535006 power=0.450 mean_i=127.34 mean_q=127.34 pairs=98304
RF915 t_ms=535100 power=0.449 mean_i=127.34 mean_q=127.34 pairs=90112
RF915 t_ms=535203 power=0.449 mean_i=127.34 mean_q=127.34 pairs=98304
RF915 t_ms=535305 power=0.451 mean_i=127.34 mean_q=127.34 pairs=98304
RF915 t_ms=535408 power=0.449 mean_i=127.34 mean_q=127.34 pairs=98304
RF915 t_ms=535501 power=0.449 mean_i=127.34 mean_q=127.34 pairs=90112
RF915 t_ms=535604 power=0.449 mean_i=127.34 mean_q=127.34 pairs=98304
RF915 t_ms=535706 power=0.449 mean_i=127.34 mean_q=127.34 pairs=98304
RF915 t_ms=535800 power=0.449 mean_i=127.34 mean_q=127.34 pairs=90112
RF915 t_ms=535903 power=0.449 mean_i=127.34 mean_q=127.34 pairs=98304
RF915 t_ms=536005 power=0.450 mean_i=127.34 mean_q=127.34 pairs=98304
RF915 t_ms=536107 power=0.449 mean_i=127.34 mean_q=127.34 pairs=98304
RF915 t_ms=536201 power=0.449 mean_i=127.34 mean_q=127.34 pairs=90112
RF915 t_ms=536304 power=0.449 mean_i=127.34 mean_q=127.34 pairs=98304
RF915 t_ms=536406 power=0.448 mean_i=127.34 mean_q=127.34 pairs=98304
RF915 t_ms=536500 power=0.448 mean_i=127.34 mean_q=127.34 pairs=90112
RF915 t_ms=536602 power=0.449 mean_i=127.34 mean_q=127.34 pairs=98304
RF915 t_ms=536705 power=0.450 mean_i=127.34 mean_q=127.34 pairs=98304
RF915 t_ms=536807 power=0.449 mean_i=127.34 mean_q=127.34 pairs=98304
RF915 t_ms=536901 power=0.447 mean_i=127.34 mean_q=127.34 pairs=90112
RF915 t_ms=537003 power=0.448 mean_i=127.34 mean_q=127.34 pairs=98304
RF915 t_ms=537106 power=0.450 mean_i=127.34 mean_q=127.34 pairs=98304
RF915 t_ms=537200 power=0.449 mean_i=127.34 mean_q=127.34 pairs=90112
RF915 t_ms=537302 power=0.449 mean_i=127.34 mean_q=127.34 pairs=98304
RF915 t_ms=537404 power=0.449 mean_i=127.34 mean_q=127.34 pairs=98304
RF915 t_ms=537507 power=0.448 mean_i=127.34 mean_q=127.34 pairs=98304
RF915 t_ms=537601 power=0.449 mean_i=127.34 mean_q=127.34 pairs=90112
RF915 t_ms=537703 power=0.448 mean_i=127.34 mean_q=127.34 pairs=98304
RF915 t_ms=537806 power=0.448 mean_i=127.34 mean_q=127.34 pairs=98304
RF915 t_ms=537908 power=0.448 mean_i=127.34 mean_q=127.34 pairs=98304
RF915 t_ms=538002 power=0.450 mean_i=127.34 mean_q=127.34 pairs=90112
RF915 t_ms=538104 power=0.449 mean_i=127.34 mean_q=127.34 pairs=98304
RF915 t_ms=538207 power=0.449 mean_i=127.34 mean_q=127.34 pairs=98304
RF915 t_ms=538301 power=0.449 mean_i=127.34 mean_q=127.34 pairs=90112
RF915 t_ms=538403 power=0.450 mean_i=127.34 mean_q=127.34 pairs=98304
RF915 t_ms=538505 power=0.449 mean_i=127.34 mean_q=127.34 pairs=98304
RF915 t_ms=538608 power=0.448 mean_i=127.33 mean_q=127.34 pairs=98304
RF915 t_ms=538702 power=0.450 mean_i=127.34 mean_q=127.34 pairs=90112
RF915 t_ms=538804 power=0.448 mean_i=127.34 mean_q=127.34 pairs=98304
RF915 t_ms=538906 power=0.451 mean_i=127.34 mean_q=127.34 pairs=98304
RF915 t_ms=539000 power=0.449 mean_i=127.34 mean_q=127.34 pairs=90112
RF915 t_ms=539103 power=0.449 mean_i=127.34 mean_q=127.34 pairs=98304
RF915 t_ms=539205 power=0.449 mean_i=127.34 mean_q=127.34 pairs=98304
RF915 t_ms=539307 power=0.450 mean_i=127.34 mean_q=127.34 pairs=98304
RF915 t_ms=539401 power=0.448 mean_i=127.34 mean_q=127.34 pairs=90112
RF915 t_ms=539504 power=0.450 mean_i=127.34 mean_q=127.34 pairs=98304
RF915 t_ms=539606 power=0.448 mean_i=127.34 mean_q=127.34 pairs=98304
RF915 t_ms=539700 power=0.448 mean_i=127.34 mean_q=127.34 pairs=90112
RF915 t_ms=539802 power=0.449 mean_i=127.34 mean_q=127.34 pairs=98304
RF915 t_ms=539905 power=0.450 mean_i=127.34 mean_q=127.34 pairs=98304
RF915 t_ms=540007 power=0.450 mean_i=127.34 mean_q=127.34 pairs=98304
RF915 t_ms=540101 power=0.450 mean_i=127.34 mean_q=127.34 pairs=90112
RF915 t_ms=540203 power=0.449 mean_i=127.34 mean_q=127.34 pairs=98304
RF915 t_ms=540306 power=0.447 mean_i=127.34 mean_q=127.34 pairs=98304
RF915 t_ms=540400 power=0.450 mean_i=127.34 mean_q=127.34 pairs=90112
RF915 t_ms=540502 power=0.449 mean_i=127.34 mean_q=127.34 pairs=98304
RF915 t_ms=540605 power=0.449 mean_i=127.34 mean_q=127.34 pairs=98304
RF915 t_ms=540707 power=0.449 mean_i=127.34 mean_q=127.34 pairs=98304
RF915 t_ms=540801 power=0.448 mean_i=127.34 mean_q=127.34 pairs=90112
RF915 t_ms=540903 power=0.449 mean_i=127.34 mean_q=127.34 pairs=98304
RF915 t_ms=541006 power=0.448 mean_i=127.34 mean_q=127.34 pairs=98304
RF915 t_ms=541100 power=0.449 mean_i=127.34 mean_q=127.34 pairs=90112
RF915 t_ms=541202 power=0.449 mean_i=127.34 mean_q=127.34 pairs=98304
RF915 t_ms=541304 power=0.449 mean_i=127.34 mean_q=127.34 pairs=98304
RF915 t_ms=541407 power=0.449 mean_i=127.34 mean_q=127.34 pairs=98304
RF915 t_ms=541501 power=0.449 mean_i=127.34 mean_q=127.34 pairs=90112
RF915 t_ms=541603 power=0.449 mean_i=127.34 mean_q=127.34 pairs=98304
RF915 t_ms=541705 power=0.449 mean_i=127.34 mean_q=127.34 pairs=98304
RF915 t_ms=541808 power=0.449 mean_i=127.34 mean_q=127.34 pairs=98304
RF915 t_ms=541902 power=0.448 mean_i=127.34 mean_q=127.34 pairs=90112
RF915 t_ms=542004 power=0.450 mean_i=127.34 mean_q=127.34 pairs=98304
RF915 t_ms=542106 power=0.449 mean_i=127.34 mean_q=127.34 pairs=98304
RF915 t_ms=542200 power=0.450 mean_i=127.34 mean_q=127.34 pairs=90112
RF915 t_ms=542303 power=0.448 mean_i=127.34 mean_q=127.34 pairs=98304
RF915 t_ms=542405 power=0.449 mean_i=127.34 mean_q=127.34 pairs=98304
RF915 t_ms=542507 power=0.450 mean_i=127.34 mean_q=127.34 pairs=98304
RF915 t_ms=542601 power=0.450 mean_i=127.34 mean_q=127.34 pairs=90112
RF915 t_ms=542704 power=0.449 mean_i=127.34 mean_q=127.34 pairs=98304
RF915 t_ms=542806 power=0.447 mean_i=127.34 mean_q=127.34 pairs=98304
RF915 t_ms=542900 power=0.449 mean_i=127.34 mean_q=127.34 pairs=90112
RF915 t_ms=543002 power=0.450 mean_i=127.34 mean_q=127.34 pairs=98304
RF915 t_ms=543105 power=0.449 mean_i=127.34 mean_q=127.34 pairs=98304
RF915 t_ms=543207 power=0.448 mean_i=127.34 mean_q=127.34 pairs=98304
RF915 t_ms=543301 power=0.448 mean_i=127.34 mean_q=127.34 pairs=90112
RF915 t_ms=543404 power=0.450 mean_i=127.34 mean_q=127.34 pairs=98304
RF915 t_ms=543506 power=0.448 mean_i=127.33 mean_q=127.34 pairs=98304
RF915 t_ms=543600 power=0.449 mean_i=127.34 mean_q=127.34 pairs=90112
RF915 t_ms=543702 power=0.449 mean_i=127.34 mean_q=127.34 pairs=98304
RF915 t_ms=543805 power=0.450 mean_i=127.34 mean_q=127.34 pairs=98304
RF915 t_ms=543907 power=0.449 mean_i=127.34 mean_q=127.34 pairs=98304
RF915 t_ms=544001 power=0.449 mean_i=127.34 mean_q=127.34 pairs=90112
RF915 t_ms=544103 power=0.449 mean_i=127.34 mean_q=127.34 pairs=98304
RF915 t_ms=544206 power=0.449 mean_i=127.34 mean_q=127.34 pairs=98304
RF915 t_ms=544300 power=0.449 mean_i=127.34 mean_q=127.34 pairs=90112
RF915 t_ms=544402 power=0.448 mean_i=127.34 mean_q=127.34 pairs=98304
RF915 t_ms=544504 power=0.450 mean_i=127.34 mean_q=127.34 pairs=98304
RF915 t_ms=544607 power=0.449 mean_i=127.34 mean_q=127.34 pairs=98304
RF915 t_ms=544701 power=0.449 mean_i=127.34 mean_q=127.34 pairs=90112
RF915 t_ms=544803 power=0.447 mean_i=127.34 mean_q=127.34 pairs=98304
RF915 t_ms=544905 power=0.450 mean_i=127.34 mean_q=127.34 pairs=98304
RF915 t_ms=545008 power=0.450 mean_i=127.34 mean_q=127.34 pairs=98304
RF915 t_ms=545102 power=0.448 mean_i=127.34 mean_q=127.34 pairs=90112
RF915 t_ms=545204 power=0.450 mean_i=127.34 mean_q=127.34 pairs=98304
RF915 t_ms=545307 power=0.450 mean_i=127.34 mean_q=127.34 pairs=98304
RF915 t_ms=545400 power=0.449 mean_i=127.34 mean_q=127.34 pairs=90112
RF915 t_ms=545503 power=0.450 mean_i=127.34 mean_q=127.34 pairs=98304
RF915 t_ms=545605 power=0.449 mean_i=127.34 mean_q=127.34 pairs=98304
RF915 t_ms=545708 power=0.449 mean_i=127.34 mean_q=127.34 pairs=98304
RF915 t_ms=545802 power=0.450 mean_i=127.34 mean_q=127.34 pairs=90112
RF915 t_ms=545904 power=0.449 mean_i=127.34 mean_q=127.34 pairs=98304
RF915 t_ms=546006 power=0.450 mean_i=127.34 mean_q=127.34 pairs=98304
RF915 t_ms=546100 power=0.448 mean_i=127.34 mean_q=127.34 pairs=90112
RF915 t_ms=546203 power=0.447 mean_i=127.34 mean_q=127.34 pairs=98304
RF915 t_ms=546305 power=0.449 mean_i=127.34 mean_q=127.34 pairs=98304
RF915 t_ms=546407 power=0.449 mean_i=127.34 mean_q=127.34 pairs=98304
RF915 t_ms=546501 power=0.448 mean_i=127.34 mean_q=127.34 pairs=90112
RF915 t_ms=546604 power=0.448 mean_i=127.34 mean_q=127.34 pairs=98304
RF915 t_ms=546706 power=0.449 mean_i=127.34 mean_q=127.34 pairs=98304
RF915 t_ms=546800 power=0.450 mean_i=127.34 mean_q=127.34 pairs=90112
RF915 t_ms=546902 power=0.449 mean_i=127.34 mean_q=127.34 pairs=98304
RF915 t_ms=547005 power=0.448 mean_i=127.34 mean_q=127.34 pairs=98304
RF915 t_ms=547107 power=0.449 mean_i=127.34 mean_q=127.34 pairs=98304
RF915 t_ms=547201 power=0.449 mean_i=127.34 mean_q=127.34 pairs=90112
RF915 t_ms=547303 power=0.449 mean_i=127.34 mean_q=127.34 pairs=98304
RF915 t_ms=547406 power=0.448 mean_i=127.34 mean_q=127.34 pairs=98304
RF915 t_ms=547500 power=0.448 mean_i=127.34 mean_q=127.34 pairs=90112
RF915 t_ms=547602 power=0.449 mean_i=127.34 mean_q=127.34 pairs=98304
RF915 t_ms=547704 power=0.448 mean_i=127.34 mean_q=127.34 pairs=98304
RF915 t_ms=547807 power=0.448 mean_i=127.34 mean_q=127.34 pairs=98304
RF915 t_ms=547901 power=0.449 mean_i=127.34 mean_q=127.34 pairs=90112
RF915 t_ms=548003 power=0.449 mean_i=127.34 mean_q=127.34 pairs=98304
RF915 t_ms=548106 power=0.450 mean_i=127.34 mean_q=127.34 pairs=98304
RF915 t_ms=548208 power=0.448 mean_i=127.34 mean_q=127.34 pairs=98304
RF915 t_ms=548302 power=0.450 mean_i=127.34 mean_q=127.34 pairs=90112
RF915 t_ms=548404 power=0.450 mean_i=127.34 mean_q=127.34 pairs=98304
RF915 t_ms=548507 power=0.449 mean_i=127.34 mean_q=127.34 pairs=98304
RF915 t_ms=548600 power=0.449 mean_i=127.34 mean_q=127.34 pairs=90112
RF915 t_ms=548703 power=0.450 mean_i=127.34 mean_q=127.34 pairs=98304
RF915 t_ms=548805 power=0.448 mean_i=127.34 mean_q=127.34 pairs=98304
RF915 t_ms=548908 power=0.448 mean_i=127.34 mean_q=127.34 pairs=98304
RF915 t_ms=549002 power=0.449 mean_i=127.34 mean_q=127.34 pairs=90112
RF915 t_ms=549104 power=0.449 mean_i=127.34 mean_q=127.34 pairs=98304
RF915 t_ms=549206 power=0.449 mean_i=127.34 mean_q=127.34 pairs=98304
RF915 t_ms=549300 power=0.450 mean_i=127.34 mean_q=127.34 pairs=90112
RF915 t_ms=549403 power=0.448 mean_i=127.34 mean_q=127.34 pairs=98304
RF915 t_ms=549505 power=0.449 mean_i=127.34 mean_q=127.34 pairs=98304
RF915 t_ms=549607 power=0.449 mean_i=127.34 mean_q=127.34 pairs=98304
RF915 t_ms=549701 power=0.449 mean_i=127.34 mean_q=127.34 pairs=90112
RF915 t_ms=549804 power=0.450 mean_i=127.34 mean_q=127.34 pairs=98304
RF915 t_ms=549906 power=0.451 mean_i=127.34 mean_q=127.34 pairs=98304
RF915 t_ms=550000 power=0.447 mean_i=127.34 mean_q=127.33 pairs=90112
RF915 t_ms=550102 power=0.447 mean_i=127.33 mean_q=127.34 pairs=98304
RF915 t_ms=550205 power=0.448 mean_i=127.34 mean_q=127.34 pairs=98304
RF915 t_ms=550307 power=0.448 mean_i=127.34 mean_q=127.34 pairs=98304
RF915 t_ms=550401 power=0.450 mean_i=127.34 mean_q=127.34 pairs=90112
RF915 t_ms=550503 power=0.450 mean_i=127.34 mean_q=127.34 pairs=98304
RF915 t_ms=550606 power=0.448 mean_i=127.34 mean_q=127.34 pairs=98304
RF915 t_ms=550700 power=0.449 mean_i=127.34 mean_q=127.34 pairs=90112
RF915 t_ms=550802 power=0.449 mean_i=127.34 mean_q=127.34 pairs=98304
RF915 t_ms=550905 power=0.449 mean_i=127.34 mean_q=127.34 pairs=98304
RF915 t_ms=551007 power=0.449 mean_i=127.34 mean_q=127.34 pairs=98304
RF915 t_ms=551101 power=0.447 mean_i=127.34 mean_q=127.34 pairs=90112
RF915 t_ms=551203 power=0.449 mean_i=127.34 mean_q=127.34 pairs=98304
RF915 t_ms=551306 power=0.448 mean_i=127.34 mean_q=127.34 pairs=98304
RF915 t_ms=551408 power=0.448 mean_i=127.33 mean_q=127.34 pairs=98304
RF915 t_ms=551502 power=0.449 mean_i=127.34 mean_q=127.34 pairs=90112
RF915 t_ms=551604 power=0.449 mean_i=127.34 mean_q=127.34 pairs=98304
RF915 t_ms=551707 power=0.450 mean_i=127.34 mean_q=127.34 pairs=98304
RF915 t_ms=551801 power=0.450 mean_i=127.34 mean_q=127.34 pairs=90112
RF915 t_ms=551903 power=0.448 mean_i=127.34 mean_q=127.34 pairs=98304
RF915 t_ms=552005 power=0.448 mean_i=127.34 mean_q=127.34 pairs=98304
RF915 t_ms=552108 power=0.450 mean_i=127.34 mean_q=127.34 pairs=98304
RF915 t_ms=552202 power=0.449 mean_i=127.34 mean_q=127.34 pairs=90112
RF915 t_ms=552304 power=0.449 mean_i=127.34 mean_q=127.34 pairs=98304
RF915 t_ms=552406 power=0.451 mean_i=127.34 mean_q=127.34 pairs=98304
RF915 t_ms=552500 power=0.449 mean_i=127.34 mean_q=127.34 pairs=90112
RF915 t_ms=552603 power=0.450 mean_i=127.34 mean_q=127.34 pairs=98304
RF915 t_ms=552705 power=0.448 mean_i=127.34 mean_q=127.34 pairs=98304
RF915 t_ms=552808 power=0.449 mean_i=127.34 mean_q=127.34 pairs=98304
RF915 t_ms=552901 power=0.449 mean_i=127.34 mean_q=127.34 pairs=90112
RF915 t_ms=553004 power=0.449 mean_i=127.34 mean_q=127.34 pairs=98304
RF915 t_ms=553106 power=0.449 mean_i=127.34 mean_q=127.34 pairs=98304
RF915 t_ms=553200 power=0.450 mean_i=127.34 mean_q=127.34 pairs=90112
RF915 t_ms=553302 power=0.450 mean_i=127.34 mean_q=127.34 pairs=98304
RF915 t_ms=553405 power=0.448 mean_i=127.34 mean_q=127.34 pairs=98304
RF915 t_ms=553507 power=0.448 mean_i=127.34 mean_q=127.34 pairs=98304
RF915 t_ms=553601 power=0.450 mean_i=127.34 mean_q=127.34 pairs=90112
RF915 t_ms=553704 power=0.449 mean_i=127.34 mean_q=127.34 pairs=98304
RF915 t_ms=553806 power=0.449 mean_i=127.34 mean_q=127.34 pairs=98304
RF915 t_ms=553900 power=0.450 mean_i=127.34 mean_q=127.34 pairs=90112
RF915 t_ms=554002 power=0.449 mean_i=127.34 mean_q=127.34 pairs=98304
RF915 t_ms=554105 power=0.448 mean_i=127.34 mean_q=127.34 pairs=98304
RF915 t_ms=554207 power=0.449 mean_i=127.34 mean_q=127.34 pairs=98304
RF915 t_ms=554301 power=0.450 mean_i=127.34 mean_q=127.34 pairs=90112
RF915 t_ms=554403 power=0.449 mean_i=127.34 mean_q=127.34 pairs=98304
RF915 t_ms=554506 power=0.450 mean_i=127.34 mean_q=127.34 pairs=98304
RF915 t_ms=554600 power=0.448 mean_i=127.34 mean_q=127.34 pairs=90112
RF915 t_ms=554702 power=0.449 mean_i=127.34 mean_q=127.34 pairs=98304
RF915 t_ms=554804 power=0.448 mean_i=127.34 mean_q=127.34 pairs=98304
RF915 t_ms=554907 power=0.448 mean_i=127.34 mean_q=127.34 pairs=98304
RF915 t_ms=555001 power=0.448 mean_i=127.34 mean_q=127.34 pairs=90112
RF915 t_ms=555103 power=0.448 mean_i=127.34 mean_q=127.34 pairs=98304
RF915 t_ms=555205 power=0.448 mean_i=127.34 mean_q=127.34 pairs=98304
RF915 t_ms=555308 power=0.448 mean_i=127.34 mean_q=127.34 pairs=98304
RF915 t_ms=555402 power=0.449 mean_i=127.34 mean_q=127.34 pairs=90112
RF915 t_ms=555504 power=0.449 mean_i=127.34 mean_q=127.34 pairs=98304
RF915 t_ms=555607 power=0.450 mean_i=127.34 mean_q=127.34 pairs=98304
RF915 t_ms=555700 power=0.448 mean_i=127.34 mean_q=127.34 pairs=90112
RF915 t_ms=555803 power=0.450 mean_i=127.34 mean_q=127.34 pairs=98304
RF915 t_ms=555905 power=0.449 mean_i=127.34 mean_q=127.34 pairs=98304
RF915 t_ms=556008 power=0.448 mean_i=127.34 mean_q=127.34 pairs=98304
RF915 t_ms=556101 power=0.448 mean_i=127.34 mean_q=127.34 pairs=90112
RF915 t_ms=556204 power=0.449 mean_i=127.34 mean_q=127.34 pairs=98304
RF915 t_ms=556306 power=0.450 mean_i=127.34 mean_q=127.34 pairs=98304
RF915 t_ms=556400 power=0.449 mean_i=127.34 mean_q=127.34 pairs=90112
RF915 t_ms=556502 power=0.448 mean_i=127.34 mean_q=127.34 pairs=98304
RF915 t_ms=556605 power=0.449 mean_i=127.34 mean_q=127.34 pairs=98304
RF915 t_ms=556707 power=0.449 mean_i=127.34 mean_q=127.34 pairs=98304
RF915 t_ms=556801 power=0.450 mean_i=127.34 mean_q=127.34 pairs=90112
RF915 t_ms=556904 power=0.449 mean_i=127.34 mean_q=127.34 pairs=98304
RF915 t_ms=557006 power=0.448 mean_i=127.34 mean_q=127.34 pairs=98304
RF915 t_ms=557100 power=0.448 mean_i=127.34 mean_q=127.34 pairs=90112
RF915 t_ms=557202 power=0.449 mean_i=127.34 mean_q=127.34 pairs=98304
RF915 t_ms=557305 power=0.449 mean_i=127.34 mean_q=127.34 pairs=98304
RF915 t_ms=557407 power=0.449 mean_i=127.34 mean_q=127.34 pairs=98304
RF915 t_ms=557501 power=0.450 mean_i=127.34 mean_q=127.34 pairs=90112
RF915 t_ms=557603 power=0.449 mean_i=127.34 mean_q=127.34 pairs=98304
RF915 t_ms=557706 power=0.449 mean_i=127.34 mean_q=127.34 pairs=98304
RF915 t_ms=557800 power=0.449 mean_i=127.34 mean_q=127.34 pairs=90112
RF915 t_ms=557902 power=0.449 mean_i=127.34 mean_q=127.34 pairs=98304
RF915 t_ms=558004 power=0.449 mean_i=127.34 mean_q=127.34 pairs=98304
RF915 t_ms=558107 power=0.450 mean_i=127.34 mean_q=127.34 pairs=98304
RF915 t_ms=558201 power=0.448 mean_i=127.34 mean_q=127.34 pairs=90112
RF915 t_ms=558303 power=0.449 mean_i=127.34 mean_q=127.34 pairs=98304
RF915 t_ms=558406 power=0.449 mean_i=127.34 mean_q=127.34 pairs=98304
RF915 t_ms=558508 power=0.449 mean_i=127.34 mean_q=127.34 pairs=98304
RF915 t_ms=558602 power=0.448 mean_i=127.34 mean_q=127.34 pairs=90112
RF915 t_ms=558704 power=0.449 mean_i=127.34 mean_q=127.34 pairs=98304
RF915 t_ms=558807 power=0.450 mean_i=127.34 mean_q=127.34 pairs=98304
RF915 t_ms=558900 power=0.449 mean_i=127.34 mean_q=127.34 pairs=90112
RF915 t_ms=559003 power=0.448 mean_i=127.34 mean_q=127.34 pairs=98304
RF915 t_ms=559105 power=0.449 mean_i=127.34 mean_q=127.34 pairs=98304
RF915 t_ms=559208 power=0.450 mean_i=127.34 mean_q=127.34 pairs=98304
RF915 t_ms=559302 power=0.448 mean_i=127.34 mean_q=127.34 pairs=90112
RF915 t_ms=559404 power=0.448 mean_i=127.34 mean_q=127.34 pairs=98304
RF915 t_ms=559506 power=0.449 mean_i=127.34 mean_q=127.34 pairs=98304
RF915 t_ms=559600 power=0.450 mean_i=127.34 mean_q=127.34 pairs=90112
RF915 t_ms=559703 power=0.449 mean_i=127.34 mean_q=127.34 pairs=98304
RF915 t_ms=559805 power=0.449 mean_i=127.34 mean_q=127.34 pairs=98304
RF915 t_ms=559907 power=0.448 mean_i=127.34 mean_q=127.34 pairs=98304
RF915 t_ms=560001 power=0.448 mean_i=127.34 mean_q=127.34 pairs=90112
RF915 t_ms=560104 power=0.450 mean_i=127.34 mean_q=127.34 pairs=98304
RF915 t_ms=560206 power=0.450 mean_i=127.34 mean_q=127.34 pairs=98304
RF915 t_ms=560300 power=0.448 mean_i=127.34 mean_q=127.34 pairs=90112
RF915 t_ms=560402 power=0.449 mean_i=127.34 mean_q=127.34 pairs=98304
RF915 t_ms=560505 power=0.450 mean_i=127.34 mean_q=127.34 pairs=98304
RF915 t_ms=560607 power=0.449 mean_i=127.34 mean_q=127.34 pairs=98304
RF915 t_ms=560701 power=0.449 mean_i=127.34 mean_q=127.34 pairs=90112
RF915 t_ms=560803 power=0.450 mean_i=127.34 mean_q=127.34 pairs=98304
RF915 t_ms=560906 power=0.449 mean_i=127.34 mean_q=127.34 pairs=98304
RF915 t_ms=561000 power=0.450 mean_i=127.34 mean_q=127.34 pairs=90112
RF915 t_ms=561102 power=0.448 mean_i=127.34 mean_q=127.34 pairs=98304
RF915 t_ms=561204 power=0.449 mean_i=127.34 mean_q=127.34 pairs=98304
RF915 t_ms=561307 power=0.449 mean_i=127.34 mean_q=127.34 pairs=98304
RF915 t_ms=561401 power=0.449 mean_i=127.34 mean_q=127.34 pairs=90112
RF915 t_ms=561503 power=0.450 mean_i=127.34 mean_q=127.34 pairs=98304
RF915 t_ms=561606 power=0.449 mean_i=127.34 mean_q=127.34 pairs=98304
RF915 t_ms=561708 power=0.448 mean_i=127.34 mean_q=127.34 pairs=98304
RF915 t_ms=561802 power=0.450 mean_i=127.34 mean_q=127.34 pairs=90112
RF915 t_ms=561904 power=0.450 mean_i=127.34 mean_q=127.34 pairs=98304
RF915 t_ms=562007 power=0.450 mean_i=127.34 mean_q=127.34 pairs=98304
RF915 t_ms=562101 power=0.449 mean_i=127.34 mean_q=127.34 pairs=90112
RF915 t_ms=562203 power=0.448 mean_i=127.34 mean_q=127.34 pairs=98304
RF915 t_ms=562305 power=0.449 mean_i=127.34 mean_q=127.34 pairs=98304
RF915 t_ms=562408 power=0.449 mean_i=127.34 mean_q=127.34 pairs=98304
RF915 t_ms=562502 power=0.449 mean_i=127.34 mean_q=127.34 pairs=90112
RF915 t_ms=562604 power=0.448 mean_i=127.34 mean_q=127.34 pairs=98304
RF915 t_ms=562706 power=0.449 mean_i=127.34 mean_q=127.34 pairs=98304
RF915 t_ms=562800 power=0.449 mean_i=127.34 mean_q=127.34 pairs=90112
RF915 t_ms=562903 power=0.449 mean_i=127.34 mean_q=127.34 pairs=98304
RF915 t_ms=563005 power=0.448 mean_i=127.34 mean_q=127.34 pairs=98304
RF915 t_ms=563108 power=0.449 mean_i=127.34 mean_q=127.34 pairs=98304
RF915 t_ms=563201 power=0.448 mean_i=127.34 mean_q=127.34 pairs=90112
RF915 t_ms=563304 power=0.450 mean_i=127.34 mean_q=127.34 pairs=98304
RF915 t_ms=563406 power=0.447 mean_i=127.34 mean_q=127.34 pairs=98304
RF915 t_ms=563500 power=0.450 mean_i=127.34 mean_q=127.34 pairs=90112
RF915 t_ms=563602 power=0.448 mean_i=127.34 mean_q=127.34 pairs=98304
RF915 t_ms=563705 power=0.448 mean_i=127.34 mean_q=127.34 pairs=98304
RF915 t_ms=563807 power=0.450 mean_i=127.34 mean_q=127.34 pairs=98304
RF915 t_ms=563901 power=0.448 mean_i=127.34 mean_q=127.34 pairs=90112
RF915 t_ms=564003 power=0.450 mean_i=127.34 mean_q=127.34 pairs=98304
RF915 t_ms=564106 power=0.449 mean_i=127.34 mean_q=127.34 pairs=98304
RF915 t_ms=564200 power=0.447 mean_i=127.34 mean_q=127.34 pairs=90112
RF915 t_ms=564302 power=0.448 mean_i=127.34 mean_q=127.34 pairs=98304
RF915 t_ms=564405 power=0.448 mean_i=127.34 mean_q=127.34 pairs=98304
RF915 t_ms=564507 power=0.448 mean_i=127.34 mean_q=127.34 pairs=98304
RF915 t_ms=564601 power=0.450 mean_i=127.34 mean_q=127.34 pairs=90112
RF915 t_ms=564703 power=0.449 mean_i=127.34 mean_q=127.34 pairs=98304
RF915 t_ms=564806 power=0.449 mean_i=127.34 mean_q=127.34 pairs=98304
RF915 t_ms=564900 power=0.449 mean_i=127.34 mean_q=127.34 pairs=90112
RF915 t_ms=565002 power=0.450 mean_i=127.34 mean_q=127.34 pairs=98304
RF915 t_ms=565104 power=0.449 mean_i=127.34 mean_q=127.34 pairs=98304
RF915 t_ms=565207 power=0.449 mean_i=127.34 mean_q=127.34 pairs=98304
RF915 t_ms=565301 power=0.449 mean_i=127.34 mean_q=127.34 pairs=90112
RF915 t_ms=565403 power=0.449 mean_i=127.34 mean_q=127.34 pairs=98304
RF915 t_ms=565505 power=0.449 mean_i=127.34 mean_q=127.34 pairs=98304
RF915 t_ms=565608 power=0.449 mean_i=127.34 mean_q=127.34 pairs=98304
RF915 t_ms=565702 power=0.447 mean_i=127.34 mean_q=127.33 pairs=90112
RF915 t_ms=565804 power=0.449 mean_i=127.34 mean_q=127.34 pairs=98304
RF915 t_ms=565906 power=0.449 mean_i=127.34 mean_q=127.34 pairs=98304
RF915 t_ms=566000 power=0.449 mean_i=127.34 mean_q=127.34 pairs=90112
RF915 t_ms=566103 power=0.449 mean_i=127.34 mean_q=127.34 pairs=98304
RF915 t_ms=566205 power=0.449 mean_i=127.34 mean_q=127.34 pairs=98304
RF915 t_ms=566308 power=0.449 mean_i=127.34 mean_q=127.34 pairs=98304
RF915 t_ms=566401 power=0.448 mean_i=127.34 mean_q=127.34 pairs=90112
RF915 t_ms=566504 power=0.449 mean_i=127.34 mean_q=127.34 pairs=98304
RF915 t_ms=566606 power=0.449 mean_i=127.34 mean_q=127.34 pairs=98304
RF915 t_ms=566700 power=0.449 mean_i=127.34 mean_q=127.34 pairs=90112
RF915 t_ms=566803 power=0.447 mean_i=127.33 mean_q=127.34 pairs=98304
RF915 t_ms=566905 power=0.448 mean_i=127.34 mean_q=127.34 pairs=98304
RF915 t_ms=567007 power=0.449 mean_i=127.34 mean_q=127.34 pairs=98304
RF915 t_ms=567101 power=0.450 mean_i=127.34 mean_q=127.34 pairs=90112
RF915 t_ms=567204 power=0.448 mean_i=127.34 mean_q=127.34 pairs=98304
RF915 t_ms=567306 power=0.449 mean_i=127.34 mean_q=127.34 pairs=98304
RF915 t_ms=567400 power=0.449 mean_i=127.34 mean_q=127.34 pairs=90112
RF915 t_ms=567502 power=0.449 mean_i=127.34 mean_q=127.34 pairs=98304
RF915 t_ms=567605 power=0.449 mean_i=127.34 mean_q=127.34 pairs=98304
RF915 t_ms=567707 power=0.450 mean_i=127.34 mean_q=127.34 pairs=98304
RF915 t_ms=567801 power=0.448 mean_i=127.34 mean_q=127.34 pairs=90112
RF915 t_ms=567903 power=0.449 mean_i=127.34 mean_q=127.34 pairs=98304
RF915 t_ms=568006 power=0.449 mean_i=127.34 mean_q=127.34 pairs=98304
RF915 t_ms=568100 power=0.450 mean_i=127.34 mean_q=127.34 pairs=90112
RF915 t_ms=568202 power=0.450 mean_i=127.34 mean_q=127.34 pairs=98304
RF915 t_ms=568304 power=0.448 mean_i=127.34 mean_q=127.34 pairs=98304
RF915 t_ms=568407 power=0.449 mean_i=127.34 mean_q=127.34 pairs=98304
RF915 t_ms=568501 power=0.449 mean_i=127.34 mean_q=127.34 pairs=90112
RF915 t_ms=568603 power=0.449 mean_i=127.34 mean_q=127.34 pairs=98304
RF915 t_ms=568705 power=0.448 mean_i=127.34 mean_q=127.34 pairs=98304
RF915 t_ms=568808 power=0.449 mean_i=127.34 mean_q=127.34 pairs=98304
RF915 t_ms=568902 power=0.449 mean_i=127.34 mean_q=127.34 pairs=90112
RF915 t_ms=569004 power=0.449 mean_i=127.34 mean_q=127.34 pairs=98304
RF915 t_ms=569107 power=0.449 mean_i=127.34 mean_q=127.34 pairs=98304
RF915 t_ms=569200 power=0.449 mean_i=127.34 mean_q=127.34 pairs=90112
RF915 t_ms=569303 power=0.449 mean_i=127.34 mean_q=127.34 pairs=98304
RF915 t_ms=569405 power=0.448 mean_i=127.34 mean_q=127.34 pairs=98304
RF915 t_ms=569508 power=0.450 mean_i=127.34 mean_q=127.34 pairs=98304
RF915 t_ms=569602 power=0.449 mean_i=127.34 mean_q=127.34 pairs=90112
RF915 t_ms=569704 power=0.449 mean_i=127.34 mean_q=127.34 pairs=98304
RF915 t_ms=569806 power=0.449 mean_i=127.34 mean_q=127.34 pairs=98304
RF915 t_ms=569900 power=0.448 mean_i=127.34 mean_q=127.34 pairs=90112
RF915 t_ms=570003 power=0.449 mean_i=127.34 mean_q=127.34 pairs=98304
RF915 t_ms=570105 power=0.448 mean_i=127.34 mean_q=127.34 pairs=98304
RF915 t_ms=570207 power=0.450 mean_i=127.34 mean_q=127.34 pairs=98304
RF915 t_ms=570301 power=0.449 mean_i=127.34 mean_q=127.34 pairs=90112
RF915 t_ms=570404 power=0.448 mean_i=127.34 mean_q=127.34 pairs=98304
RF915 t_ms=570506 power=0.449 mean_i=127.34 mean_q=127.34 pairs=98304
RF915 t_ms=570600 power=0.449 mean_i=127.34 mean_q=127.34 pairs=90112
RF915 t_ms=570702 power=0.449 mean_i=127.34 mean_q=127.34 pairs=98304
RF915 t_ms=570805 power=0.448 mean_i=127.34 mean_q=127.34 pairs=98304
RF915 t_ms=570907 power=0.448 mean_i=127.34 mean_q=127.34 pairs=98304
RF915 t_ms=571001 power=0.449 mean_i=127.34 mean_q=127.34 pairs=90112
RF915 t_ms=571103 power=0.451 mean_i=127.34 mean_q=127.34 pairs=98304
RF915 t_ms=571206 power=0.450 mean_i=127.34 mean_q=127.34 pairs=98304
RF915 t_ms=571300 power=0.447 mean_i=127.33 mean_q=127.34 pairs=90112
RF915 t_ms=571402 power=0.449 mean_i=127.34 mean_q=127.34 pairs=98304
RF915 t_ms=571504 power=0.450 mean_i=127.34 mean_q=127.34 pairs=98304
RF915 t_ms=571607 power=0.449 mean_i=127.34 mean_q=127.34 pairs=98304
RF915 t_ms=571701 power=0.448 mean_i=127.34 mean_q=127.34 pairs=90112
RF915 t_ms=571803 power=0.449 mean_i=127.34 mean_q=127.34 pairs=98304
RF915 t_ms=571906 power=0.449 mean_i=127.34 mean_q=127.34 pairs=98304
RF915 t_ms=572008 power=0.449 mean_i=127.34 mean_q=127.34 pairs=98304
RF915 t_ms=572102 power=0.449 mean_i=127.34 mean_q=127.34 pairs=90112
RF915 t_ms=572204 power=0.448 mean_i=127.34 mean_q=127.34 pairs=98304
RF915 t_ms=572307 power=0.450 mean_i=127.34 mean_q=127.34 pairs=98304
RF915 t_ms=572401 power=0.450 mean_i=127.34 mean_q=127.34 pairs=90112
RF915 t_ms=572503 power=0.450 mean_i=127.34 mean_q=127.34 pairs=98304
RF915 t_ms=572605 power=0.449 mean_i=127.34 mean_q=127.34 pairs=98304
RF915 t_ms=572708 power=0.448 mean_i=127.34 mean_q=127.34 pairs=98304
RF915 t_ms=572802 power=0.449 mean_i=127.34 mean_q=127.34 pairs=90112
RF915 t_ms=572904 power=0.448 mean_i=127.34 mean_q=127.33 pairs=98304
RF915 t_ms=573006 power=0.449 mean_i=127.34 mean_q=127.34 pairs=98304
RF915 t_ms=573100 power=0.449 mean_i=127.34 mean_q=127.34 pairs=90112
RF915 t_ms=573203 power=0.449 mean_i=127.34 mean_q=127.34 pairs=98304
RF915 t_ms=573305 power=0.450 mean_i=127.34 mean_q=127.34 pairs=98304
RF915 t_ms=573407 power=0.448 mean_i=127.34 mean_q=127.34 pairs=98304
RF915 t_ms=573501 power=0.450 mean_i=127.34 mean_q=127.34 pairs=90112
RF915 t_ms=573604 power=0.448 mean_i=127.34 mean_q=127.34 pairs=98304
RF915 t_ms=573706 power=0.450 mean_i=127.34 mean_q=127.34 pairs=98304
RF915 t_ms=573800 power=0.449 mean_i=127.34 mean_q=127.34 pairs=90112
RF915 t_ms=573902 power=0.450 mean_i=127.34 mean_q=127.34 pairs=98304
RF915 t_ms=574005 power=0.449 mean_i=127.34 mean_q=127.34 pairs=98304
RF915 t_ms=574107 power=0.449 mean_i=127.34 mean_q=127.34 pairs=98304
RF915 t_ms=574201 power=0.449 mean_i=127.34 mean_q=127.34 pairs=90112
RF915 t_ms=574304 power=0.448 mean_i=127.34 mean_q=127.34 pairs=98304
RF915 t_ms=574406 power=0.449 mean_i=127.34 mean_q=127.34 pairs=98304
RF915 t_ms=574500 power=0.448 mean_i=127.34 mean_q=127.34 pairs=90112
RF915 t_ms=574602 power=0.448 mean_i=127.34 mean_q=127.34 pairs=98304
RF915 t_ms=574705 power=0.450 mean_i=127.34 mean_q=127.34 pairs=98304
RF915 t_ms=574807 power=0.450 mean_i=127.34 mean_q=127.34 pairs=98304
RF915 t_ms=574901 power=0.449 mean_i=127.34 mean_q=127.34 pairs=90112
RF915 t_ms=575003 power=0.448 mean_i=127.34 mean_q=127.34 pairs=98304
RF915 t_ms=575106 power=0.448 mean_i=127.34 mean_q=127.34 pairs=98304
RF915 t_ms=575200 power=0.449 mean_i=127.34 mean_q=127.34 pairs=90112
RF915 t_ms=575302 power=0.450 mean_i=127.34 mean_q=127.34 pairs=98304
RF915 t_ms=575404 power=0.449 mean_i=127.34 mean_q=127.34 pairs=98304
RF915 t_ms=575507 power=0.449 mean_i=127.34 mean_q=127.34 pairs=98304
RF915 t_ms=575601 power=0.448 mean_i=127.34 mean_q=127.34 pairs=90112
RF915 t_ms=575703 power=0.449 mean_i=127.34 mean_q=127.34 pairs=98304
RF915 t_ms=575805 power=0.449 mean_i=127.34 mean_q=127.34 pairs=98304
RF915 t_ms=575908 power=0.450 mean_i=127.34 mean_q=127.34 pairs=98304
RF915 t_ms=576002 power=0.448 mean_i=127.34 mean_q=127.34 pairs=90112
RF915 t_ms=576104 power=0.449 mean_i=127.34 mean_q=127.34 pairs=98304
RF915 t_ms=576206 power=0.448 mean_i=127.34 mean_q=127.34 pairs=98304
RF915 t_ms=576300 power=0.450 mean_i=127.34 mean_q=127.34 pairs=90112
RF915 t_ms=576403 power=0.449 mean_i=127.34 mean_q=127.34 pairs=98304
RF915 t_ms=576505 power=0.449 mean_i=127.34 mean_q=127.34 pairs=98304
RF915 t_ms=576608 power=0.449 mean_i=127.34 mean_q=127.34 pairs=98304
RF915 t_ms=576701 power=0.449 mean_i=127.34 mean_q=127.34 pairs=90112
RF915 t_ms=576804 power=0.448 mean_i=127.34 mean_q=127.34 pairs=98304
RF915 t_ms=576906 power=0.449 mean_i=127.34 mean_q=127.34 pairs=98304
RF915 t_ms=577000 power=0.450 mean_i=127.34 mean_q=127.34 pairs=90112
RF915 t_ms=577103 power=0.448 mean_i=127.33 mean_q=127.34 pairs=98304
RF915 t_ms=577205 power=0.448 mean_i=127.34 mean_q=127.34 pairs=98304
RF915 t_ms=577307 power=0.449 mean_i=127.34 mean_q=127.34 pairs=98304
RF915 t_ms=577401 power=0.449 mean_i=127.34 mean_q=127.34 pairs=90112
RF915 t_ms=577504 power=0.449 mean_i=127.34 mean_q=127.34 pairs=98304
RF915 t_ms=577606 power=0.450 mean_i=127.34 mean_q=127.34 pairs=98304
RF915 t_ms=577700 power=0.450 mean_i=127.34 mean_q=127.34 pairs=90112
RF915 t_ms=577802 power=0.450 mean_i=127.34 mean_q=127.34 pairs=98304
RF915 t_ms=577905 power=0.448 mean_i=127.34 mean_q=127.34 pairs=98304
RF915 t_ms=578007 power=0.448 mean_i=127.34 mean_q=127.34 pairs=98304
RF915 t_ms=578101 power=0.448 mean_i=127.34 mean_q=127.34 pairs=90112
RF915 t_ms=578203 power=0.447 mean_i=127.34 mean_q=127.34 pairs=98304
RF915 t_ms=578306 power=0.449 mean_i=127.34 mean_q=127.34 pairs=98304
RF915 t_ms=578400 power=0.449 mean_i=127.34 mean_q=127.34 pairs=90112
RF915 t_ms=578502 power=0.449 mean_i=127.34 mean_q=127.34 pairs=98304
RF915 t_ms=578604 power=0.449 mean_i=127.34 mean_q=127.34 pairs=98304
RF915 t_ms=578707 power=0.448 mean_i=127.34 mean_q=127.34 pairs=98304
RF915 t_ms=578801 power=0.448 mean_i=127.34 mean_q=127.34 pairs=90112
RF915 t_ms=578903 power=0.449 mean_i=127.34 mean_q=127.34 pairs=98304
RF915 t_ms=579005 power=0.449 mean_i=127.34 mean_q=127.34 pairs=98304
RF915 t_ms=579108 power=0.450 mean_i=127.34 mean_q=127.34 pairs=98304
RF915 t_ms=579202 power=0.448 mean_i=127.34 mean_q=127.34 pairs=90112
RF915 t_ms=579304 power=0.450 mean_i=127.34 mean_q=127.34 pairs=98304
RF915 t_ms=579407 power=0.448 mean_i=127.34 mean_q=127.34 pairs=98304
RF915 t_ms=579500 power=0.450 mean_i=127.34 mean_q=127.34 pairs=90112
RF915 t_ms=579603 power=0.448 mean_i=127.34 mean_q=127.34 pairs=98304
RF915 t_ms=579705 power=0.449 mean_i=127.34 mean_q=127.34 pairs=98304
RF915 t_ms=579808 power=0.449 mean_i=127.34 mean_q=127.34 pairs=98304
RF915 t_ms=579902 power=0.449 mean_i=127.34 mean_q=127.34 pairs=90112
RF915 t_ms=580004 power=0.449 mean_i=127.34 mean_q=127.34 pairs=98304
RF915 t_ms=580106 power=0.448 mean_i=127.34 mean_q=127.34 pairs=98304
RF915 t_ms=580200 power=0.448 mean_i=127.34 mean_q=127.34 pairs=90112
RF915 t_ms=580303 power=0.448 mean_i=127.34 mean_q=127.34 pairs=98304
RF915 t_ms=580405 power=0.450 mean_i=127.34 mean_q=127.34 pairs=98304
RF915 t_ms=580507 power=0.449 mean_i=127.34 mean_q=127.34 pairs=98304
RF915 t_ms=580601 power=0.447 mean_i=127.34 mean_q=127.34 pairs=90112
RF915 t_ms=580704 power=0.449 mean_i=127.34 mean_q=127.34 pairs=98304
RF915 t_ms=580806 power=0.448 mean_i=127.34 mean_q=127.34 pairs=98304
RF915 t_ms=580900 power=0.448 mean_i=127.33 mean_q=127.34 pairs=90112
RF915 t_ms=581002 power=0.449 mean_i=127.34 mean_q=127.34 pairs=98304
RF915 t_ms=581105 power=0.449 mean_i=127.34 mean_q=127.34 pairs=98304
RF915 t_ms=581207 power=0.450 mean_i=127.34 mean_q=127.34 pairs=98304
RF915 t_ms=581301 power=0.449 mean_i=127.34 mean_q=127.34 pairs=90112
RF915 t_ms=581403 power=0.450 mean_i=127.34 mean_q=127.34 pairs=98304
RF915 t_ms=581506 power=0.448 mean_i=127.34 mean_q=127.34 pairs=98304
RF915 t_ms=581600 power=0.449 mean_i=127.34 mean_q=127.34 pairs=90112
RF915 t_ms=581702 power=0.449 mean_i=127.34 mean_q=127.34 pairs=98304
RF915 t_ms=581805 power=0.449 mean_i=127.34 mean_q=127.34 pairs=98304
RF915 t_ms=581907 power=0.448 mean_i=127.34 mean_q=127.34 pairs=98304
RF915 t_ms=582001 power=0.449 mean_i=127.34 mean_q=127.34 pairs=90112
RF915 t_ms=582103 power=0.448 mean_i=127.34 mean_q=127.34 pairs=98304
RF915 t_ms=582206 power=0.449 mean_i=127.34 mean_q=127.34 pairs=98304
RF915 t_ms=582300 power=0.450 mean_i=127.34 mean_q=127.34 pairs=90112
RF915 t_ms=582402 power=0.450 mean_i=127.34 mean_q=127.34 pairs=98304
RF915 t_ms=582504 power=0.449 mean_i=127.34 mean_q=127.34 pairs=98304
RF915 t_ms=582607 power=0.449 mean_i=127.34 mean_q=127.34 pairs=98304
RF915 t_ms=582701 power=0.449 mean_i=127.34 mean_q=127.34 pairs=90112
RF915 t_ms=582803 power=0.448 mean_i=127.34 mean_q=127.34 pairs=98304
RF915 t_ms=582905 power=0.450 mean_i=127.34 mean_q=127.34 pairs=98304
RF915 t_ms=583008 power=0.449 mean_i=127.34 mean_q=127.34 pairs=98304
RF915 t_ms=583102 power=0.449 mean_i=127.34 mean_q=127.34 pairs=90112
RF915 t_ms=583204 power=0.450 mean_i=127.34 mean_q=127.34 pairs=98304
RF915 t_ms=583306 power=0.448 mean_i=127.34 mean_q=127.34 pairs=98304
RF915 t_ms=583400 power=0.448 mean_i=127.34 mean_q=127.34 pairs=90112
RF915 t_ms=583503 power=0.449 mean_i=127.34 mean_q=127.34 pairs=98304
RF915 t_ms=583605 power=0.450 mean_i=127.34 mean_q=127.34 pairs=98304
RF915 t_ms=583707 power=0.449 mean_i=127.34 mean_q=127.34 pairs=98304
RF915 t_ms=583801 power=0.449 mean_i=127.34 mean_q=127.34 pairs=90112
RF915 t_ms=583904 power=0.448 mean_i=127.34 mean_q=127.34 pairs=98304
RF915 t_ms=584006 power=0.447 mean_i=127.34 mean_q=127.34 pairs=98304
RF915 t_ms=584100 power=0.448 mean_i=127.34 mean_q=127.34 pairs=90112
RF915 t_ms=584202 power=0.450 mean_i=127.34 mean_q=127.34 pairs=98304
RF915 t_ms=584305 power=0.451 mean_i=127.34 mean_q=127.34 pairs=98304
RF915 t_ms=584407 power=0.449 mean_i=127.34 mean_q=127.34 pairs=98304
RF915 t_ms=584501 power=0.450 mean_i=127.34 mean_q=127.34 pairs=90112
RF915 t_ms=584604 power=0.450 mean_i=127.34 mean_q=127.34 pairs=98304
RF915 t_ms=584706 power=0.449 mean_i=127.34 mean_q=127.34 pairs=98304
RF915 t_ms=584800 power=0.448 mean_i=127.34 mean_q=127.34 pairs=90112
RF915 t_ms=584902 power=0.450 mean_i=127.34 mean_q=127.34 pairs=98304
RF915 t_ms=585005 power=0.449 mean_i=127.34 mean_q=127.34 pairs=98304
RF915 t_ms=585107 power=0.449 mean_i=127.34 mean_q=127.34 pairs=98304
RF915 t_ms=585201 power=0.449 mean_i=127.34 mean_q=127.34 pairs=90112
RF915 t_ms=585303 power=0.450 mean_i=127.34 mean_q=127.34 pairs=98304
RF915 t_ms=585406 power=0.449 mean_i=127.34 mean_q=127.34 pairs=98304
RF915 t_ms=585500 power=0.450 mean_i=127.34 mean_q=127.34 pairs=90112
RF915 t_ms=585602 power=0.448 mean_i=127.34 mean_q=127.34 pairs=98304
RF915 t_ms=585704 power=0.448 mean_i=127.34 mean_q=127.34 pairs=98304
RF915 t_ms=585807 power=0.449 mean_i=127.34 mean_q=127.34 pairs=98304
RF915 t_ms=585901 power=0.449 mean_i=127.34 mean_q=127.34 pairs=90112
RF915 t_ms=586003 power=0.449 mean_i=127.34 mean_q=127.34 pairs=98304
RF915 t_ms=586105 power=0.449 mean_i=127.34 mean_q=127.34 pairs=98304
RF915 t_ms=586208 power=0.449 mean_i=127.34 mean_q=127.34 pairs=98304
RF915 t_ms=586302 power=0.448 mean_i=127.34 mean_q=127.34 pairs=90112
RF915 t_ms=586404 power=0.448 mean_i=127.34 mean_q=127.34 pairs=98304
RF915 t_ms=586506 power=0.449 mean_i=127.34 mean_q=127.34 pairs=98304
RF915 t_ms=586600 power=0.449 mean_i=127.34 mean_q=127.34 pairs=90112
RF915 t_ms=586703 power=0.450 mean_i=127.34 mean_q=127.34 pairs=98304
RF915 t_ms=586805 power=0.448 mean_i=127.34 mean_q=127.33 pairs=98304
RF915 t_ms=586908 power=0.449 mean_i=127.34 mean_q=127.34 pairs=98304
RF915 t_ms=587001 power=0.449 mean_i=127.34 mean_q=127.34 pairs=90112
RF915 t_ms=587104 power=0.449 mean_i=127.34 mean_q=127.34 pairs=98304
RF915 t_ms=587206 power=0.449 mean_i=127.34 mean_q=127.34 pairs=98304
RF915 t_ms=587300 power=0.449 mean_i=127.34 mean_q=127.34 pairs=90112
RF915 t_ms=587403 power=0.448 mean_i=127.34 mean_q=127.34 pairs=98304
RF915 t_ms=587505 power=0.449 mean_i=127.34 mean_q=127.34 pairs=98304
RF915 t_ms=587607 power=0.448 mean_i=127.34 mean_q=127.34 pairs=98304
RF915 t_ms=587701 power=0.451 mean_i=127.34 mean_q=127.34 pairs=90112
RF915 t_ms=587804 power=0.449 mean_i=127.34 mean_q=127.34 pairs=98304
RF915 t_ms=587906 power=0.451 mean_i=127.34 mean_q=127.34 pairs=98304
RF915 t_ms=588000 power=0.450 mean_i=127.34 mean_q=127.34 pairs=90112
RF915 t_ms=588102 power=0.450 mean_i=127.34 mean_q=127.34 pairs=98304
RF915 t_ms=588205 power=0.450 mean_i=127.34 mean_q=127.34 pairs=98304
RF915 t_ms=588307 power=0.450 mean_i=127.34 mean_q=127.34 pairs=98304
RF915 t_ms=588401 power=0.448 mean_i=127.34 mean_q=127.34 pairs=90112
RF915 t_ms=588503 power=0.448 mean_i=127.34 mean_q=127.34 pairs=98304
RF915 t_ms=588606 power=0.449 mean_i=127.34 mean_q=127.34 pairs=98304
RF915 t_ms=588700 power=0.449 mean_i=127.34 mean_q=127.34 pairs=90112
RF915 t_ms=588802 power=0.449 mean_i=127.34 mean_q=127.34 pairs=98304
RF915 t_ms=588904 power=0.447 mean_i=127.34 mean_q=127.34 pairs=98304
RF915 t_ms=589007 power=0.449 mean_i=127.34 mean_q=127.34 pairs=98304
RF915 t_ms=589101 power=0.449 mean_i=127.34 mean_q=127.34 pairs=90112
RF915 t_ms=589203 power=0.450 mean_i=127.34 mean_q=127.34 pairs=98304
RF915 t_ms=589306 power=0.448 mean_i=127.34 mean_q=127.34 pairs=98304
RF915 t_ms=589408 power=0.447 mean_i=127.34 mean_q=127.34 pairs=98304
RF915 t_ms=589502 power=0.449 mean_i=127.34 mean_q=127.34 pairs=90112
RF915 t_ms=589604 power=0.449 mean_i=127.34 mean_q=127.34 pairs=98304
RF915 t_ms=589707 power=0.449 mean_i=127.34 mean_q=127.34 pairs=98304
RF915 t_ms=589801 power=0.447 mean_i=127.33 mean_q=127.34 pairs=90112
RF915 t_ms=589903 power=0.450 mean_i=127.34 mean_q=127.34 pairs=98304
RF915 t_ms=590005 power=0.448 mean_i=127.34 mean_q=127.34 pairs=98304
RF915 t_ms=590108 power=0.448 mean_i=127.33 mean_q=127.34 pairs=98304
RF915 t_ms=590202 power=0.449 mean_i=127.34 mean_q=127.34 pairs=90112
RF915 t_ms=590304 power=0.448 mean_i=127.34 mean_q=127.34 pairs=98304
RF915 t_ms=590406 power=0.449 mean_i=127.34 mean_q=127.34 pairs=98304
RF915 t_ms=590500 power=0.449 mean_i=127.34 mean_q=127.34 pairs=90112
RF915 t_ms=590603 power=0.450 mean_i=127.34 mean_q=127.34 pairs=98304
RF915 t_ms=590705 power=0.448 mean_i=127.34 mean_q=127.34 pairs=98304
RF915 t_ms=590807 power=0.449 mean_i=127.34 mean_q=127.34 pairs=98304
RF915 t_ms=590901 power=0.448 mean_i=127.34 mean_q=127.34 pairs=90112
RF915 t_ms=591004 power=0.449 mean_i=127.34 mean_q=127.34 pairs=98304
RF915 t_ms=591106 power=0.448 mean_i=127.34 mean_q=127.34 pairs=98304
RF915 t_ms=591200 power=0.448 mean_i=127.34 mean_q=127.34 pairs=90112
RF915 t_ms=591302 power=0.448 mean_i=127.34 mean_q=127.34 pairs=98304
RF915 t_ms=591405 power=0.449 mean_i=127.34 mean_q=127.34 pairs=98304
RF915 t_ms=591507 power=0.448 mean_i=127.33 mean_q=127.34 pairs=98304
RF915 t_ms=591601 power=0.450 mean_i=127.34 mean_q=127.34 pairs=90112
RF915 t_ms=591703 power=0.450 mean_i=127.34 mean_q=127.34 pairs=98304
RF915 t_ms=591806 power=0.448 mean_i=127.34 mean_q=127.34 pairs=98304
RF915 t_ms=591900 power=0.449 mean_i=127.34 mean_q=127.34 pairs=90112
RF915 t_ms=592002 power=0.450 mean_i=127.34 mean_q=127.34 pairs=98304
RF915 t_ms=592105 power=0.448 mean_i=127.34 mean_q=127.34 pairs=98304
RF915 t_ms=592207 power=0.449 mean_i=127.34 mean_q=127.34 pairs=98304
RF915 t_ms=592301 power=3159.426 mean_i=127.53 mean_q=127.28 pairs=90112
RF915 t_ms=592403 power=4532.723 mean_i=127.51 mean_q=127.45 pairs=98304
RF915 t_ms=592506 power=4350.860 mean_i=127.39 mean_q=127.78 pairs=98304
RF915 t_ms=592608 power=4167.836 mean_i=127.55 mean_q=127.47 pairs=98304
RF915 t_ms=592702 power=0.449 mean_i=127.34 mean_q=127.34 pairs=90112
RF915 t_ms=592804 power=0.448 mean_i=127.34 mean_q=127.33 pairs=98304
RF915 t_ms=592907 power=0.447 mean_i=127.34 mean_q=127.33 pairs=98304
RF915 t_ms=593001 power=0.448 mean_i=127.34 mean_q=127.34 pairs=90112
RF915 t_ms=593103 power=0.451 mean_i=127.34 mean_q=127.34 pairs=98304
RF915 t_ms=593205 power=0.449 mean_i=127.34 mean_q=127.34 pairs=98304
RF915 t_ms=593308 power=0.448 mean_i=127.34 mean_q=127.34 pairs=98304
RF915 t_ms=593402 power=0.450 mean_i=127.34 mean_q=127.34 pairs=90112
RF915 t_ms=593504 power=0.448 mean_i=127.34 mean_q=127.34 pairs=98304
RF915 t_ms=593606 power=0.449 mean_i=127.34 mean_q=127.34 pairs=98304
RF915 t_ms=593700 power=0.449 mean_i=127.34 mean_q=127.34 pairs=90112
RF915 t_ms=593803 power=0.448 mean_i=127.34 mean_q=127.34 pairs=98304
RF915 t_ms=593905 power=0.447 mean_i=127.33 mean_q=127.34 pairs=98304
RF915 t_ms=594007 power=0.448 mean_i=127.34 mean_q=127.33 pairs=98304
RF915 t_ms=594101 power=0.449 mean_i=127.34 mean_q=127.34 pairs=90112
RF915 t_ms=594204 power=0.448 mean_i=127.34 mean_q=127.34 pairs=98304
RF915 t_ms=594306 power=0.449 mean_i=127.34 mean_q=127.34 pairs=98304
RF915 t_ms=594400 power=0.449 mean_i=127.34 mean_q=127.34 pairs=90112
RF915 t_ms=594502 power=0.450 mean_i=127.34 mean_q=127.34 pairs=98304
RF915 t_ms=594605 power=0.449 mean_i=127.34 mean_q=127.34 pairs=98304
RF915 t_ms=594707 power=0.448 mean_i=127.34 mean_q=127.34 pairs=98304
RF915 t_ms=594801 power=0.449 mean_i=127.34 mean_q=127.34 pairs=90112
RF915 t_ms=594904 power=0.449 mean_i=127.34 mean_q=127.34 pairs=98304
RF915 t_ms=595006 power=0.449 mean_i=127.34 mean_q=127.34 pairs=98304
RF915 t_ms=595100 power=0.448 mean_i=127.34 mean_q=127.34 pairs=90112
RF915 t_ms=595202 power=0.449 mean_i=127.34 mean_q=127.34 pairs=98304
RF915 t_ms=595305 power=0.449 mean_i=127.34 mean_q=127.34 pairs=98304
RF915 t_ms=595407 power=0.450 mean_i=127.34 mean_q=127.34 pairs=98304
RF915 t_ms=595501 power=0.449 mean_i=127.34 mean_q=127.34 pairs=90112
RF915 t_ms=595603 power=0.449 mean_i=127.34 mean_q=127.34 pairs=98304
RF915 t_ms=595706 power=0.448 mean_i=127.34 mean_q=127.34 pairs=98304
RF915 t_ms=595800 power=0.449 mean_i=127.34 mean_q=127.34 pairs=90112
RF915 t_ms=595902 power=0.449 mean_i=127.34 mean_q=127.34 pairs=98304
RF915 t_ms=596004 power=0.450 mean_i=127.34 mean_q=127.34 pairs=98304
RF915 t_ms=596107 power=0.449 mean_i=127.34 mean_q=127.34 pairs=98304
RF915 t_ms=596201 power=0.450 mean_i=127.34 mean_q=127.34 pairs=90112
RF915 t_ms=596303 power=0.449 mean_i=127.34 mean_q=127.34 pairs=98304
RF915 t_ms=596405 power=0.448 mean_i=127.34 mean_q=127.34 pairs=98304
RF915 t_ms=596508 power=0.449 mean_i=127.34 mean_q=127.34 pairs=98304
RF915 t_ms=596602 power=0.449 mean_i=127.34 mean_q=127.34 pairs=90112
RF915 t_ms=596704 power=0.447 mean_i=127.34 mean_q=127.34 pairs=98304
RF915 t_ms=596806 power=0.450 mean_i=127.34 mean_q=127.34 pairs=98304
RF915 t_ms=596900 power=0.449 mean_i=127.34 mean_q=127.34 pairs=90112
RF915 t_ms=597003 power=0.451 mean_i=127.34 mean_q=127.34 pairs=98304
RF915 t_ms=597105 power=0.449 mean_i=127.34 mean_q=127.34 pairs=98304
RF915 t_ms=597208 power=0.450 mean_i=127.34 mean_q=127.34 pairs=98304
RF915 t_ms=597301 power=0.448 mean_i=127.34 mean_q=127.34 pairs=90112
RF915 t_ms=597404 power=0.449 mean_i=127.34 mean_q=127.34 pairs=98304
RF915 t_ms=597506 power=0.449 mean_i=127.34 mean_q=127.34 pairs=98304
RF915 t_ms=597600 power=0.450 mean_i=127.34 mean_q=127.34 pairs=90112
RF915 t_ms=597702 power=0.449 mean_i=127.34 mean_q=127.34 pairs=98304
RF915 t_ms=597805 power=0.448 mean_i=127.34 mean_q=127.34 pairs=98304
RF915 t_ms=597907 power=0.449 mean_i=127.34 mean_q=127.34 pairs=98304
RF915 t_ms=598001 power=0.448 mean_i=127.33 mean_q=127.34 pairs=90112
RF915 t_ms=598104 power=0.448 mean_i=127.34 mean_q=127.34 pairs=98304
RF915 t_ms=598206 power=0.450 mean_i=127.34 mean_q=127.34 pairs=98304
RF915 t_ms=598300 power=0.450 mean_i=127.34 mean_q=127.34 pairs=90112
RF915 t_ms=598402 power=0.448 mean_i=127.34 mean_q=127.34 pairs=98304
RF915 t_ms=598505 power=0.449 mean_i=127.34 mean_q=127.34 pairs=98304
RF915 t_ms=598607 power=0.448 mean_i=127.34 mean_q=127.34 pairs=98304
RF915 t_ms=598701 power=0.449 mean_i=127.34 mean_q=127.34 pairs=90112
RF915 t_ms=598803 power=0.448 mean_i=127.34 mean_q=127.34 pairs=98304
RF915 t_ms=598906 power=0.449 mean_i=127.34 mean_q=127.34 pairs=98304
RF915 t_ms=599000 power=0.448 mean_i=127.34 mean_q=127.34 pairs=90112
RF915 t_ms=599102 power=0.449 mean_i=127.34 mean_q=127.34 pairs=98304
RF915 t_ms=599204 power=0.450 mean_i=127.34 mean_q=127.34 pairs=98304
RF915 t_ms=599307 power=0.448 mean_i=127.34 mean_q=127.34 pairs=98304
RF915 t_ms=599401 power=0.450 mean_i=127.34 mean_q=127.34 pairs=90112
RF915 t_ms=599503 power=0.448 mean_i=127.34 mean_q=127.34 pairs=98304
RF915 t_ms=599606 power=0.449 mean_i=127.34 mean_q=127.34 pairs=98304
RF915 t_ms=599708 power=0.449 mean_i=127.34 mean_q=127.34 pairs=98304
RF915 t_ms=599802 power=0.449 mean_i=127.34 mean_q=127.34 pairs=90112
RF915 t_ms=599904 power=0.450 mean_i=127.34 mean_q=127.34 pairs=98304
RF915 t_ms=600007 power=0.450 mean_i=127.34 mean_q=127.34 pairs=98304
RF915 END frequency_hz=906875000 read_errors=0 over_delta=0 drops_delta=0 short_delta=0
SMOKE rf915_observation PASS
SMOKE metrics_after PASS
SMOKE health_after PASS
I (618323) esp_rtl_sdr_smoke: metrics bytes=1175371776 overruns=0 drops=7716864 sps=957518
I (618323) esp_rtl_sdr_smoke: health overall=3 advice=app too slow (consumer_drops=7716864)
SMOKE stop PASS
E (618420) esp_rtl_sdr: usb_host_uninstall failed (ESP_ERR_INVALID_STATE); keep pool/live_urbs
SMOKE uninstall FAIL
E (618421) esp_rtl_sdr_smoke: FAIL uninstall
SMOKE OVERALL FAIL passed=45 failed=1 hardware=RUN
